ids,Good,Clothing,Shirt,Shoes,DVD,Book ,CD,Video Game,Comic,TextScreen,ProductAd,Car,NoPerson,Collage,CloseUp,Hand,Feet,Meme
17,1,0,0,0,0,0,0,0,0,0,0,0,0,0,0,0,0,0
61,1,0,0,0,0,0,0,0,0,0,0,0,0,0,0,0,0,0
64,1,0,0,0,0,0,0,0,0,0,0,0,0,0,0,0,0,0
70,1,0,0,0,0,0,0,0,0,0,0,0,0,0,0,0,0,0
80,1,0,0,0,0,0,0,0,0,0,0,0,0,0,0,0,0,0
89,0,0,0,0,1,0,0,0,0,0,0,0,0,0,0,0,0,0
106,0,0,0,0,0,0,0,0,0,0,1,0,0,1,0,0,0,0
126,1,0,0,0,0,0,0,0,0,0,0,0,0,0,0,0,0,0
151,1,0,0,0,0,0,0,0,0,0,0,0,0,0,0,0,0,0
251,1,0,0,0,0,0,0,0,0,0,0,0,0,0,0,0,0,0
300,1,0,0,0,0,0,0,0,0,0,0,0,0,0,0,0,0,0
330,1,0,0,0,0,0,0,0,0,0,0,0,0,0,0,0,0,0
344,1,0,0,0,0,0,0,0,0,0,0,0,0,0,0,0,0,0
371,1,0,0,0,0,0,0,0,0,0,0,0,0,0,0,0,0,0
379,0,0,0,0,0,0,0,0,0,0,0,0,1,0,0,0,0,0
383,1,0,0,0,0,0,0,0,0,0,0,0,0,0,0,0,0,0
393,0,0,0,0,0,0,0,0,0,0,0,0,0,1,0,0,0,0
430,1,0,0,0,0,0,0,0,0,0,0,0,0,0,0,0,0,0
453,1,0,0,0,0,0,0,0,0,0,0,0,0,0,0,0,0,0
459,1,0,0,0,0,0,0,0,0,0,0,0,0,0,0,0,0,0
489,0,0,0,0,0,0,0,0,0,1,1,0,0,0,0,0,0,0
493,1,0,0,0,0,0,0,0,0,0,0,0,0,0,0,0,0,0
517,0,1,1,0,0,0,0,0,0,0,0,0,0,0,0,0,0,0
523,0,0,0,0,0,0,0,0,0,0,1,0,0,0,0,0,0,0
526,1,0,0,0,0,0,0,0,0,0,0,0,0,0,0,0,0,0
560,1,0,0,0,0,0,0,0,0,0,0,0,0,0,0,0,0,0
564,0,0,0,0,0,0,0,0,0,0,1,0,0,1,0,0,0,0
578,1,0,0,0,0,0,0,0,0,0,0,0,0,0,0,0,0,0
609,0,0,0,0,0,0,0,0,0,0,0,0,0,1,0,0,0,0
610,1,0,0,0,0,0,0,0,0,0,0,0,0,0,0,0,0,0
616,1,0,0,0,0,0,0,0,0,0,0,0,0,0,0,0,0,0
622,0,0,0,0,0,0,0,0,0,0,1,0,0,1,0,0,0,0
631,1,0,0,0,0,0,0,0,0,0,0,0,0,0,0,0,0,0
634,1,0,0,0,0,0,0,0,0,0,0,0,0,0,0,0,0,0
650,1,0,0,0,0,0,0,0,0,0,0,0,0,0,0,0,0,0
654,1,0,0,0,0,0,0,0,0,0,0,0,0,0,0,0,0,0
663,0,0,0,0,0,0,0,0,0,0,0,1,0,0,0,0,0,0
678,0,0,0,0,0,0,0,0,0,0,1,0,1,0,0,0,0,0
691,1,0,0,0,0,0,0,0,0,0,0,0,0,0,0,0,0,0
729,1,0,0,0,0,0,0,0,0,0,0,0,0,0,0,0,0,0
747,0,0,0,0,0,0,0,0,0,0,1,0,0,0,0,0,0,0
751,1,0,0,0,0,0,0,0,0,0,0,0,0,0,0,0,0,0
762,0,0,0,0,0,0,0,0,0,1,0,0,0,0,1,0,0,0
764,0,0,0,0,0,0,0,0,0,0,0,0,0,0,1,0,0,0
768,0,0,0,0,0,0,0,0,0,0,1,0,0,0,0,0,0,0
770,1,0,0,0,0,0,0,0,0,0,0,0,0,0,0,0,0,0
776,1,0,0,0,0,0,0,0,0,0,0,0,0,0,0,0,0,0
792,0,0,0,0,0,0,0,0,0,0,0,1,0,0,0,0,0,0
801,1,0,0,0,0,0,0,0,0,0,0,0,0,0,0,0,0,0
806,1,0,0,0,0,0,0,0,0,0,0,0,0,0,0,0,0,0
811,1,0,0,0,0,0,0,0,0,0,0,0,0,0,0,0,0,0
817,1,0,0,0,0,0,0,0,0,0,0,0,0,0,0,0,0,0
819,1,0,0,0,0,0,0,0,0,0,0,0,0,0,0,0,0,0
829,1,0,0,0,0,0,0,0,0,0,0,0,0,0,0,0,0,0
832,1,0,0,0,0,0,0,0,0,0,0,0,0,0,0,0,0,0
833,0,0,0,0,0,0,0,0,0,0,0,0,0,0,1,0,0,0
853,1,0,0,0,0,0,0,0,0,0,0,0,0,0,0,0,0,0
879,0,0,0,0,0,0,0,0,0,1,1,0,0,0,0,0,0,0
882,1,0,0,0,0,0,0,0,0,0,0,0,0,0,0,0,0,0
886,1,0,0,0,0,0,0,0,0,0,0,0,0,0,0,0,0,0
889,1,0,0,0,0,0,0,0,0,0,0,0,0,0,0,0,0,0
898,1,0,0,0,0,0,0,0,0,0,0,0,0,0,0,0,0,0
903,1,0,0,0,0,0,0,0,0,0,0,0,0,0,0,0,0,0
919,0,0,0,0,0,1,0,0,0,0,0,0,0,0,0,0,0,0
957,1,0,0,0,0,0,0,0,0,0,0,0,0,0,0,0,0,0
1035,1,0,0,0,0,0,0,0,0,0,0,0,0,0,0,0,0,0
1067,1,0,0,0,0,0,0,0,0,0,0,0,0,0,0,0,0,0
1081,1,0,0,0,0,0,0,0,0,0,0,0,0,0,0,0,0,0
1083,1,0,0,0,0,0,0,0,0,0,0,0,0,0,0,0,0,0
1107,1,0,0,0,0,0,0,0,0,0,0,0,0,0,0,0,0,0
1110,1,0,0,0,0,0,0,0,0,0,0,0,0,0,0,0,0,0
1116,1,0,0,0,0,0,0,0,0,0,0,0,0,0,0,0,0,0
1117,1,0,0,0,0,0,0,0,0,0,0,0,0,0,0,0,0,0
1129,1,0,0,0,0,0,0,0,0,0,0,0,0,0,0,0,0,0
1137,1,0,0,0,0,0,0,0,0,0,0,0,0,0,0,0,0,0
1150,0,0,0,0,0,0,0,0,0,0,1,0,0,0,1,1,0,0
1197,0,1,0,0,0,0,0,0,0,0,0,0,0,0,0,0,0,0
1241,1,0,0,0,0,0,0,0,0,0,0,0,0,0,0,0,0,0
1252,0,0,0,0,1,0,0,0,0,1,0,0,0,0,0,0,0,0
1263,1,0,0,0,0,0,0,0,0,0,0,0,0,0,0,0,0,0
1279,1,0,0,0,0,0,0,0,0,0,0,0,0,0,0,0,0,0
1293,0,0,0,0,0,0,0,0,0,0,1,0,0,0,1,1,0,0
1317,1,0,0,0,0,0,0,0,0,0,0,0,0,0,0,0,0,0
1327,0,0,0,0,0,0,0,0,0,0,0,0,0,1,0,0,0,0
1346,0,0,0,0,1,1,0,0,0,0,0,0,0,0,0,0,0,0
1352,1,0,0,0,0,0,0,0,0,0,0,0,0,0,0,0,0,0
1421,1,0,0,0,0,0,0,0,0,0,0,0,0,0,0,0,0,0
1462,1,0,0,0,0,0,0,0,0,0,0,0,0,0,0,0,0,0
1464,1,0,0,0,0,0,0,0,0,0,0,0,0,0,0,0,0,0
1465,1,0,0,0,0,0,0,0,0,0,0,0,0,0,0,0,0,0
1479,0,0,0,0,0,0,0,0,0,0,0,0,0,0,1,0,0,0
1492,1,0,0,0,0,0,0,0,0,0,0,0,0,0,0,0,0,0
1537,1,0,0,0,0,0,0,0,0,0,0,0,0,0,0,0,0,0
1550,1,0,0,0,0,0,0,0,0,0,0,0,0,0,0,0,0,0
1572,1,0,0,0,0,0,0,0,0,0,0,0,0,0,0,0,0,0
1600,1,0,0,0,0,0,0,0,0,0,0,0,0,0,0,0,0,0
1614,1,0,0,0,0,0,0,0,0,0,0,0,0,0,0,0,0,0
1615,1,0,0,0,0,0,0,0,0,0,0,0,0,0,0,0,0,0
1661,1,0,0,0,0,0,0,0,0,0,0,0,0,0,0,0,0,0
1700,1,0,0,0,0,0,0,0,0,0,0,0,0,0,0,0,0,0
1723,0,0,0,0,0,0,0,0,0,1,0,0,0,1,0,0,0,0
1735,1,0,0,0,0,0,0,0,0,0,0,0,0,0,0,0,0,0
1744,1,0,0,0,0,0,0,0,0,0,0,0,0,0,0,0,0,0
1760,1,0,0,0,0,0,0,0,0,0,0,0,0,0,0,0,0,0
1774,0,0,0,0,0,1,0,0,1,0,0,0,0,0,0,0,0,0
1821,0,0,0,0,0,0,0,0,0,0,0,0,0,0,1,0,0,0
1837,1,0,0,0,0,0,0,0,0,0,0,0,0,0,0,0,0,0
1855,1,0,0,0,0,0,0,0,0,0,0,0,0,0,0,0,0,0
1859,1,0,0,0,0,0,0,0,0,0,0,0,0,0,0,0,0,0
1892,0,0,0,0,0,0,0,0,0,0,0,0,1,0,0,0,0,0
1907,1,0,0,0,0,0,0,0,0,0,0,0,0,0,0,0,0,0
1928,0,0,0,0,0,0,0,0,0,0,0,0,0,0,1,0,0,0
1943,1,0,0,0,0,0,0,0,0,0,0,0,0,0,0,0,0,0
1945,0,0,0,0,0,0,0,0,0,0,0,0,0,0,1,0,0,0
1947,0,1,0,0,0,0,0,0,0,0,0,0,0,0,0,0,0,0
1955,1,0,0,0,0,0,0,0,0,0,0,0,0,0,0,0,0,0
1986,1,0,0,0,0,0,0,0,0,0,0,0,0,0,0,0,0,0
2003,0,0,0,0,0,0,0,0,1,0,0,0,1,0,0,0,0,0
2012,0,0,0,0,0,0,0,0,0,0,0,0,0,1,0,0,0,0
2015,1,0,0,0,0,0,0,0,0,0,0,0,0,0,0,0,0,0
2017,1,0,0,0,0,0,0,0,0,0,0,0,0,0,0,0,0,0
2039,0,0,0,0,0,0,0,0,0,0,0,0,1,0,1,1,0,0
2050,1,0,0,0,0,0,0,0,0,0,0,0,0,0,0,0,0,0
2051,0,0,0,0,0,0,0,0,0,0,0,0,1,0,0,0,0,0
2063,1,0,0,0,0,0,0,0,0,0,0,0,0,0,0,0,0,0
2107,1,0,0,0,0,0,0,0,0,0,0,0,0,0,0,0,0,0
2131,0,0,0,0,0,0,0,0,0,1,0,0,0,1,0,0,0,0
2154,1,0,0,0,0,0,0,0,0,0,0,0,0,0,0,0,0,0
2162,1,0,0,0,0,0,0,0,0,0,0,0,0,0,0,0,0,0
2169,0,0,0,0,0,0,0,0,0,1,1,0,0,1,0,0,0,0
2172,1,0,0,0,0,0,0,0,0,0,0,0,0,0,0,0,0,0
2179,1,0,0,0,0,0,0,0,0,0,0,0,0,0,0,0,0,0
2214,1,0,0,0,0,0,0,0,0,0,0,0,0,0,0,0,0,0
2219,1,0,0,0,0,0,0,0,0,0,0,0,0,0,0,0,0,0
2222,1,0,0,0,0,0,0,0,0,0,0,0,0,0,0,0,0,0
2232,0,1,0,0,0,0,0,0,0,0,0,0,0,1,0,0,0,0
2256,0,1,0,0,0,0,0,0,0,0,0,0,0,1,0,0,0,0
2258,1,0,0,0,0,0,0,0,0,0,0,0,0,0,0,0,0,0
2281,1,0,0,0,0,0,0,0,0,0,0,0,0,0,0,0,0,0
2299,1,0,0,0,0,0,0,0,0,0,0,0,0,0,0,0,0,0
2326,1,0,0,0,0,0,0,0,0,0,0,0,0,0,0,0,0,0
2328,1,0,0,0,0,0,0,0,0,0,0,0,0,0,0,0,0,0
2329,1,0,0,0,0,0,0,0,0,0,0,0,0,0,0,0,0,0
2342,1,0,0,0,0,0,0,0,0,0,0,0,0,0,0,0,0,0
2356,1,0,0,0,0,0,0,0,0,0,0,0,0,0,0,0,0,0
2382,1,0,0,0,0,0,0,0,0,0,0,0,0,0,0,0,0,0
2385,0,0,0,0,0,0,0,0,0,1,0,0,0,0,0,0,0,0
2390,1,0,0,0,0,0,0,0,0,0,0,0,0,0,0,0,0,0
2410,0,0,0,0,0,0,1,0,0,0,0,0,0,0,0,0,0,0
2422,0,0,0,0,0,0,0,0,0,0,0,0,0,0,1,0,0,0
2433,1,0,0,0,0,0,0,0,0,0,0,0,0,0,0,0,0,0
2452,1,0,0,0,0,0,0,0,0,0,0,0,0,0,0,0,0,0
2478,1,0,0,0,0,0,0,0,0,0,0,0,0,0,0,0,0,0
2486,0,0,0,0,0,0,0,0,0,0,0,0,0,1,0,0,0,0
2492,1,0,0,0,0,0,0,0,0,0,0,0,0,0,0,0,0,0
2498,0,1,0,0,0,0,0,0,0,0,0,0,0,0,0,0,0,0
2520,1,0,0,0,0,0,0,0,0,0,0,0,0,0,0,0,0,0
2523,1,0,0,0,0,0,0,0,0,0,0,0,0,0,0,0,0,0
2549,1,0,0,0,0,0,0,0,0,0,0,0,0,0,0,0,0,0
2559,1,0,0,0,0,0,0,0,0,0,0,0,0,0,0,0,0,0
2561,1,0,0,0,0,0,0,0,0,0,0,0,0,0,0,0,0,0
2571,1,0,0,0,0,0,0,0,0,0,0,0,0,0,0,0,0,0
2582,1,0,0,0,0,0,0,0,0,0,0,0,0,0,0,0,0,0
2642,1,0,0,0,0,0,0,0,0,0,0,0,0,0,0,0,0,0
2651,0,0,0,0,0,0,0,0,0,0,1,0,1,0,0,0,0,0
2657,0,0,0,0,0,0,0,1,0,0,0,0,0,0,0,0,0,0
2663,1,0,0,0,0,0,0,0,0,0,0,0,0,0,0,0,0,0
2666,1,0,0,0,0,0,0,0,0,0,0,0,0,0,0,0,0,0
2688,0,1,0,0,0,0,0,0,0,0,0,0,0,0,0,0,0,0
2696,1,0,0,0,0,0,0,0,0,0,0,0,0,0,0,0,0,0
2705,0,0,0,0,0,0,0,0,0,0,0,0,0,1,0,0,0,0
2715,1,0,0,0,0,0,0,0,0,0,0,0,0,0,0,0,0,0
2741,1,0,0,0,0,0,0,0,0,0,0,0,0,0,0,0,0,0
2784,1,0,0,0,0,0,0,0,0,0,0,0,0,0,0,0,0,0
2789,0,0,0,0,0,0,0,0,0,0,0,0,0,0,1,0,0,0
2809,1,0,0,0,0,0,0,0,0,0,0,0,0,0,0,0,0,0
2856,1,0,0,0,0,0,0,0,0,0,0,0,0,0,0,0,0,0
2870,0,0,0,0,0,0,0,0,0,0,0,0,0,1,0,0,0,0
2880,1,0,0,0,0,0,0,0,0,0,0,0,0,0,0,0,0,0
2885,1,0,0,0,0,0,0,0,0,0,0,0,0,0,0,0,0,0
2900,1,0,0,0,0,0,0,0,0,0,0,0,0,0,0,0,0,0
2915,1,0,0,0,0,0,0,0,0,0,0,0,0,0,0,0,0,0
2941,1,0,0,0,0,0,0,0,0,0,0,0,0,0,0,0,0,0
2942,0,0,0,0,0,0,0,0,0,0,1,0,0,1,0,0,0,0
2961,0,0,0,0,0,0,0,0,0,0,1,0,0,1,0,0,0,0
2971,0,0,0,0,0,1,0,0,0,0,0,0,0,0,0,0,0,0
2997,1,0,0,0,0,0,0,0,0,0,0,0,0,0,0,0,0,0
3022,1,0,0,0,0,0,0,0,0,0,0,0,0,0,0,0,0,0
3026,0,0,0,0,0,0,0,0,0,0,1,0,0,1,0,0,0,0
3043,1,0,0,0,0,0,0,0,0,0,0,0,0,0,0,0,0,0
3061,1,0,0,0,0,0,0,0,0,0,0,0,0,0,0,0,0,0
3064,0,0,0,0,0,0,0,0,0,1,0,0,0,1,0,0,0,0
3092,1,0,0,0,0,0,0,0,0,0,0,0,0,0,0,0,0,0
3117,0,0,0,0,0,0,0,0,0,1,0,0,0,1,0,0,0,0
3124,0,1,0,0,0,0,0,0,0,0,0,0,0,0,0,0,0,0
3141,0,0,0,0,0,0,0,0,0,0,0,0,0,0,1,0,1,0
3147,1,0,0,0,0,0,0,0,0,0,0,0,0,0,0,0,0,0
3150,1,0,0,0,0,0,0,0,0,0,0,0,0,0,0,0,0,0
3157,0,0,0,0,0,0,0,0,0,0,0,0,0,0,1,0,0,0
3220,1,0,0,0,0,0,0,0,0,0,0,0,0,0,0,0,0,0
3226,0,1,0,0,0,0,0,0,0,0,0,0,0,0,0,0,0,0
3232,1,0,0,0,0,0,0,0,0,0,0,0,0,0,0,0,0,0
3248,1,0,0,0,0,0,0,0,0,0,0,0,0,0,0,0,0,0
3283,1,0,0,0,0,0,0,0,0,0,0,0,0,0,0,0,0,0
3308,0,0,0,0,0,0,0,0,1,0,0,0,0,0,0,0,0,0
3311,1,0,0,0,0,0,0,0,0,0,0,0,0,0,0,0,0,0
3317,1,0,0,0,0,0,0,0,0,0,0,0,0,0,0,0,0,0
3334,1,0,0,0,0,0,0,0,0,0,0,0,0,0,0,0,0,0
3359,1,0,0,0,0,0,0,0,0,0,0,0,0,0,0,0,0,0
3361,0,0,0,0,0,0,0,0,0,0,0,0,0,0,0,0,0,1
3364,0,0,0,0,0,0,0,0,0,0,1,0,0,0,0,0,0,0
3366,1,0,0,0,0,0,0,0,0,0,0,0,0,0,0,0,0,0
3370,0,0,0,0,0,0,0,0,0,0,0,1,1,0,0,0,0,0
3401,1,0,0,0,0,0,0,0,0,0,0,0,0,0,0,0,0,0
3409,1,0,0,0,0,0,0,0,0,0,0,0,0,0,0,0,0,0
3426,0,1,0,0,0,0,0,0,0,0,0,0,0,0,0,0,0,0
3480,0,0,0,0,0,0,0,0,0,1,1,0,0,1,0,0,0,0
3503,1,0,0,0,0,0,0,0,0,0,0,0,0,0,0,0,0,0
3521,0,0,0,0,0,0,0,0,0,0,0,0,0,1,0,0,0,0
3530,1,0,0,0,0,0,0,0,0,0,0,0,0,0,0,0,0,0
3617,0,0,0,0,0,0,0,0,0,0,0,0,0,0,1,0,0,0
3632,0,1,0,0,0,0,0,0,0,0,0,0,0,1,0,0,0,0
3657,1,0,0,0,0,0,0,0,0,0,0,0,0,0,0,0,0,0
3660,0,0,0,0,0,0,0,0,0,0,1,0,1,1,0,0,0,0
3720,1,0,0,0,0,0,0,0,0,0,0,0,0,0,0,0,0,0
3731,0,1,0,0,0,0,0,0,0,0,0,0,0,0,0,0,0,0
3742,0,0,0,0,0,0,0,0,0,0,0,0,0,0,1,0,0,0
3788,0,0,0,0,0,0,0,0,0,0,0,0,1,0,0,0,0,0
3795,0,0,0,0,0,0,0,0,0,0,0,0,0,1,0,0,0,0
3806,0,0,0,0,0,0,0,0,0,0,0,0,0,0,1,0,0,0
3841,1,0,0,0,0,0,0,0,0,0,0,0,0,0,0,0,0,0
3849,0,0,0,0,0,0,0,0,0,0,0,0,1,1,0,0,0,0
3864,0,0,0,0,0,0,0,0,0,0,0,0,0,0,1,0,0,0
3866,1,0,0,0,0,0,0,0,0,0,0,0,0,0,0,0,0,0
3885,1,0,0,0,0,0,0,0,0,0,0,0,0,0,0,0,0,0
3889,1,0,0,0,0,0,0,0,0,0,0,0,0,0,0,0,0,0
3902,0,0,0,0,0,0,0,0,0,0,0,0,0,1,0,0,0,0
3908,1,0,0,0,0,0,0,0,0,0,0,0,0,0,0,0,0,0
3909,1,0,0,0,0,0,0,0,0,0,0,0,0,0,0,0,0,0
3916,1,0,0,0,0,0,0,0,0,0,0,0,0,0,0,0,0,0
3955,1,0,0,0,0,0,0,0,0,0,0,0,0,0,0,0,0,0
3969,1,0,0,0,0,0,0,0,0,0,0,0,0,0,0,0,0,0
3977,1,0,0,0,0,0,0,0,0,0,0,0,0,0,0,0,0,0
4006,1,0,0,0,0,0,0,0,0,0,0,0,0,0,0,0,0,0
4034,1,0,0,0,0,0,0,0,0,0,0,0,0,0,0,0,0,0
4041,1,0,0,0,0,0,0,0,0,0,0,0,0,0,0,0,0,0
4048,1,0,0,0,0,0,0,0,0,0,0,0,0,0,0,0,0,0
4064,1,0,0,0,0,0,0,0,0,0,0,0,0,0,0,0,0,0
4065,1,0,0,0,0,0,0,0,0,0,0,0,0,0,0,0,0,0
4071,0,1,0,0,0,0,0,0,0,0,0,0,0,0,1,0,0,0
4097,0,0,0,0,0,0,0,0,0,1,1,0,0,0,0,0,0,0
4116,1,0,0,0,0,0,0,0,0,0,0,0,0,0,0,0,0,0
4122,1,0,0,0,0,0,0,0,0,0,0,0,0,0,0,0,0,0
4149,1,0,0,0,0,0,0,0,0,0,0,0,0,0,0,0,0,0
4195,1,0,0,0,0,0,0,0,0,0,0,0,0,0,0,0,0,0
4213,1,0,0,0,0,0,0,0,0,0,0,0,0,0,0,0,0,0
4250,1,0,0,0,0,0,0,0,0,0,0,0,0,0,0,0,0,0
4260,1,0,0,0,0,0,0,0,0,0,0,0,0,0,0,0,0,0
4266,1,0,0,0,0,0,0,0,0,0,0,0,0,0,0,0,0,0
4324,1,0,0,0,0,0,0,0,0,0,0,0,0,0,0,0,0,0
4360,1,0,0,0,0,0,0,0,0,0,0,0,0,0,0,0,0,0
4394,1,0,0,0,0,0,0,0,0,0,0,0,0,0,0,0,0,0
4399,1,0,0,0,0,0,0,0,0,0,0,0,0,0,0,0,0,0
4416,1,0,0,0,0,0,0,0,0,0,0,0,0,0,0,0,0,0
4419,1,0,0,0,0,0,0,0,0,0,0,0,0,0,0,0,0,0
4421,1,0,0,0,0,0,0,0,0,0,0,0,0,0,0,0,0,0
4440,1,0,0,0,0,0,0,0,0,0,0,0,0,0,0,0,0,0
4469,1,0,0,0,0,0,0,0,0,0,0,0,0,0,0,0,0,0
4495,1,0,0,0,0,0,0,0,0,0,0,0,0,0,0,0,0,0
4504,1,0,0,0,0,0,0,0,0,0,0,0,0,0,0,0,0,0
4509,0,0,0,0,0,0,0,0,0,0,0,0,0,0,1,0,0,0
4563,1,0,0,0,0,0,0,0,0,0,0,0,0,0,0,0,0,0
4565,1,0,0,0,0,0,0,0,0,0,0,0,0,0,0,0,0,0
4570,1,0,0,0,0,0,0,0,0,0,0,0,0,0,0,0,0,0
4619,0,0,0,0,0,0,0,0,0,0,0,0,0,1,0,0,0,0
4635,1,0,0,0,0,0,0,0,0,0,0,0,0,0,0,0,0,0
4706,1,0,0,0,0,0,0,0,0,0,0,0,0,0,0,0,0,0
4734,1,0,0,0,0,0,0,0,0,0,0,0,0,0,0,0,0,0
4784,1,0,0,0,0,0,0,0,0,0,0,0,0,0,0,0,0,0
4801,1,0,0,0,0,0,0,0,0,0,0,0,0,0,0,0,0,0
4811,0,0,0,0,0,0,0,0,0,0,0,0,0,1,0,0,0,0
4832,0,0,0,0,0,0,0,0,0,0,0,0,0,0,1,1,0,0
4865,1,0,0,0,0,0,0,0,0,0,0,0,0,0,0,0,0,0
4885,1,0,0,0,0,0,0,0,0,0,0,0,0,0,0,0,0,0
4891,1,0,0,0,0,0,0,0,0,0,0,0,0,0,0,0,0,0
4895,1,0,0,0,0,0,0,0,0,0,0,0,0,0,0,0,0,0
4903,1,0,0,0,0,0,0,0,0,0,0,0,0,0,0,0,0,0
4910,1,0,0,0,0,0,0,0,0,0,0,0,0,0,0,0,0,0
4922,1,0,0,0,0,0,0,0,0,0,0,0,0,0,0,0,0,0
4946,1,0,0,0,0,0,0,0,0,0,0,0,0,0,0,0,0,0
4978,1,0,0,0,0,0,0,0,0,0,0,0,0,0,0,0,0,0
4994,1,0,0,0,0,0,0,0,0,0,0,0,0,0,0,0,0,0
5015,0,0,0,0,0,1,0,0,0,0,0,0,0,0,0,0,0,0
5021,1,0,0,0,0,0,0,0,0,0,0,0,0,0,0,0,0,0
5070,1,0,0,0,0,0,0,0,0,0,0,0,0,0,0,0,0,0
5112,0,1,0,0,0,0,0,0,0,0,0,0,0,0,0,0,0,0
5136,1,0,0,0,0,0,0,0,0,0,0,0,0,0,0,0,0,0
5152,0,0,0,0,0,0,0,0,0,0,0,0,0,1,0,0,0,0
5157,1,0,0,0,0,0,0,0,0,0,0,0,0,0,0,0,0,0
5162,0,1,0,0,0,0,0,0,0,0,0,0,0,0,0,0,0,0
5193,1,0,0,0,0,0,0,0,0,0,0,0,0,0,0,0,0,0
5200,1,0,0,0,0,0,0,0,0,0,0,0,0,0,0,0,0,0
5221,0,0,0,0,0,0,0,0,0,0,0,0,0,1,0,0,0,0
5227,1,0,0,0,0,0,0,0,0,0,0,0,0,0,0,0,0,0
5285,1,0,0,0,0,0,0,0,0,0,0,0,0,0,0,0,0,0
5303,1,0,0,0,0,0,0,0,0,0,0,0,0,0,0,0,0,0
5354,0,0,0,0,0,0,0,0,0,0,0,0,0,0,1,1,0,0
5387,1,0,0,0,0,0,0,0,0,0,0,0,0,0,0,0,0,0
5405,0,0,0,0,0,0,0,0,0,0,0,0,0,1,0,0,0,0
5437,1,0,0,0,0,0,0,0,0,0,0,0,0,0,0,0,0,0
5462,1,0,0,0,0,0,0,0,0,0,0,0,0,0,0,0,0,0
5483,1,0,0,0,0,0,0,0,0,0,0,0,0,0,0,0,0,0
5486,0,0,0,0,0,0,0,0,0,0,0,0,1,0,0,0,0,0
5495,1,0,0,0,0,0,0,0,0,0,0,0,0,0,0,0,0,0
5500,1,0,0,0,0,0,0,0,0,0,0,0,0,0,0,0,0,0
5523,0,0,0,0,0,0,0,0,0,0,0,0,0,0,1,0,0,0
5577,1,0,0,0,0,0,0,0,0,0,0,0,0,0,0,0,0,0
5579,1,0,0,0,0,0,0,0,0,0,0,0,0,0,0,0,0,0
5583,0,0,0,0,0,1,0,0,0,0,0,0,0,0,0,0,0,0
5616,1,0,0,0,0,0,0,0,0,0,0,0,0,0,0,0,0,0
5627,1,0,0,0,0,0,0,0,0,0,0,0,0,0,0,0,0,0
5639,1,0,0,0,0,0,0,0,0,0,0,0,0,0,0,0,0,0
5641,1,0,0,0,0,0,0,0,0,0,0,0,0,0,0,0,0,0
5643,0,0,0,0,0,0,0,0,0,0,0,0,0,1,0,0,0,0
5648,1,0,0,0,0,0,0,0,0,0,0,0,0,0,0,0,0,0
5660,1,0,0,0,0,0,0,0,0,0,0,0,0,0,0,0,0,0
5732,1,0,0,0,0,0,0,0,0,0,0,0,0,0,0,0,0,0
5742,0,0,0,0,0,0,0,0,0,0,0,0,0,1,0,0,0,0
5795,1,0,0,0,0,0,0,0,0,0,0,0,0,0,0,0,0,0
5814,1,0,0,0,0,0,0,0,0,0,0,0,0,0,0,0,0,0
5821,1,0,0,0,0,0,0,0,0,0,0,0,0,0,0,0,0,0
5822,1,0,0,0,0,0,0,0,0,0,0,0,0,0,0,0,0,0
5831,1,0,0,0,0,0,0,0,0,0,0,0,0,0,0,0,0,0
5846,1,0,0,0,0,0,0,0,0,0,0,0,0,0,0,0,0,0
5847,1,0,0,0,0,0,0,0,0,0,0,0,0,0,0,0,0,0
5850,1,0,0,0,0,0,0,0,0,0,0,0,0,0,0,0,0,0
5865,1,0,0,0,0,0,0,0,0,0,0,0,0,0,0,0,0,0
5876,1,0,0,0,0,0,0,0,0,0,0,0,0,0,0,0,0,0
5885,1,0,0,0,0,0,0,0,0,0,0,0,0,0,0,0,0,0
5906,1,0,0,0,0,0,0,0,0,0,0,0,0,0,0,0,0,0
5914,0,0,0,0,0,0,0,0,0,1,0,0,0,0,0,0,0,0
5923,1,0,0,0,0,0,0,0,0,0,0,0,0,0,0,0,0,0
5926,1,0,0,0,0,0,0,0,0,0,0,0,0,0,0,0,0,0
5943,1,0,0,0,0,0,0,0,0,0,0,0,0,0,0,0,0,0
5955,0,0,0,0,0,0,0,0,0,0,0,0,0,0,1,1,0,0
5962,1,0,0,0,0,0,0,0,0,0,0,0,0,0,0,0,0,0
5963,1,0,0,0,0,0,0,0,0,0,0,0,0,0,0,0,0,0
5969,1,0,0,0,0,0,0,0,0,0,0,0,0,0,0,0,0,0
5996,1,0,0,0,0,0,0,0,0,0,0,0,0,0,0,0,0,0
6031,1,0,0,0,0,0,0,0,0,0,0,0,0,0,0,0,0,0
6055,1,0,0,0,0,0,0,0,0,0,0,0,0,0,0,0,0,0
6071,1,0,0,0,0,0,0,0,0,0,0,0,0,0,0,0,0,0
6087,1,0,0,0,0,0,0,0,0,0,0,0,0,0,0,0,0,0
6088,1,0,0,0,0,0,0,0,0,0,0,0,0,0,0,0,0,0
6107,0,0,0,0,0,0,0,0,0,0,0,0,0,1,1,0,0,0
6152,1,0,0,0,0,0,0,0,0,0,0,0,0,0,0,0,0,0
6196,1,0,0,0,0,0,0,0,0,0,0,0,0,0,0,0,0,0
6223,0,0,0,0,0,0,0,0,0,0,0,0,0,0,1,0,0,0
6229,1,0,0,0,0,0,0,0,0,0,0,0,0,0,0,0,0,0
6233,1,0,0,0,0,0,0,0,0,0,0,0,0,0,0,0,0,0
6262,1,0,0,0,0,0,0,0,0,0,0,0,0,0,0,0,0,0
6268,1,0,0,0,0,0,0,0,0,0,0,0,0,0,0,0,0,0
6284,1,0,0,0,0,0,0,0,0,0,0,0,0,0,0,0,0,0
6285,1,0,0,0,0,0,0,0,0,0,0,0,0,0,0,0,0,0
6303,0,0,0,0,0,0,0,0,0,0,0,0,0,0,1,0,0,0
6304,0,0,0,0,0,0,0,0,0,1,0,0,0,0,0,0,0,0
6354,0,0,0,0,0,0,0,0,0,0,0,0,1,0,0,0,0,0
6363,0,1,0,0,0,0,0,0,0,0,0,0,0,0,0,0,0,0
6453,1,0,0,0,0,0,0,0,0,0,0,0,0,0,0,0,0,0
6469,1,0,0,0,0,0,0,0,0,0,0,0,0,0,0,0,0,0
6546,1,0,0,0,0,0,0,0,0,0,0,0,0,0,0,0,0,0
6560,1,0,0,0,0,0,0,0,0,0,0,0,0,0,0,0,0,0
6575,0,0,0,0,0,0,0,0,1,0,0,0,0,0,0,0,0,0
6579,0,0,0,0,0,0,0,0,0,0,0,0,0,0,1,0,0,0
6584,1,0,0,0,0,0,0,0,0,0,0,0,0,0,0,0,0,0
6589,0,0,0,0,0,0,0,0,0,1,0,0,0,0,0,0,0,0
6612,0,0,0,0,0,0,0,0,0,0,0,0,0,0,1,0,0,0
6639,1,0,0,0,0,0,0,0,0,0,0,0,0,0,0,0,0,0
6693,0,0,0,0,0,0,0,0,0,0,0,0,0,0,1,0,0,0
6703,1,0,0,0,0,0,0,0,0,0,0,0,0,0,0,0,0,0
6719,1,0,0,0,0,0,0,0,0,0,0,0,0,0,0,0,0,0
6725,0,0,0,0,0,0,0,0,0,0,0,0,0,1,0,0,0,0
6733,1,0,0,0,0,0,0,0,0,0,0,0,0,0,0,0,0,0
6755,0,0,0,0,0,1,0,0,0,0,0,0,0,0,0,0,0,0
6780,0,1,0,0,0,0,0,0,0,0,0,0,0,0,0,0,0,0
6829,1,0,0,0,0,0,0,0,0,0,0,0,0,0,0,0,0,0
6860,0,0,0,0,0,0,0,0,0,0,0,0,0,1,0,0,0,0
6884,0,0,0,0,0,0,0,0,0,0,0,0,1,0,0,1,0,0
6900,1,0,0,0,0,0,0,0,0,0,0,0,0,0,0,0,0,0
6904,0,0,0,0,0,0,0,0,0,0,0,0,0,0,1,0,0,0
6913,1,0,0,0,0,0,0,0,0,0,0,0,0,0,0,0,0,0
6920,0,0,0,0,1,0,0,0,0,0,0,0,0,1,0,0,0,0
6933,0,0,0,0,0,0,0,0,0,0,0,0,0,1,0,0,0,0
6965,1,0,0,0,0,0,0,0,0,0,0,0,0,0,0,0,0,0
6979,1,0,0,0,0,0,0,0,0,0,0,0,0,0,0,0,0,0
6983,1,0,0,0,0,0,0,0,0,0,0,0,0,0,0,0,0,0
6991,1,0,0,0,0,0,0,0,0,0,0,0,0,0,0,0,0,0
6998,1,0,0,0,0,0,0,0,0,0,0,0,0,0,0,0,0,0
7028,1,0,0,0,0,0,0,0,0,0,0,0,0,0,0,0,0,0
7030,1,0,0,0,0,0,0,0,0,0,0,0,0,0,0,0,0,0
7069,1,0,0,0,0,0,0,0,0,0,0,0,0,0,0,0,0,0
7084,0,0,0,0,0,0,0,0,0,0,0,0,0,1,0,0,0,0
7096,1,0,0,0,0,0,0,0,0,0,0,0,0,0,0,0,0,0
7108,1,0,0,0,0,0,0,0,0,0,0,0,0,0,0,0,0,0
7131,1,0,0,0,0,0,0,0,0,0,0,0,0,0,0,0,0,0
7135,1,0,0,0,0,0,0,0,0,0,0,0,0,0,0,0,0,0
7149,1,0,0,0,0,0,0,0,0,0,0,0,0,0,0,0,0,0
7156,0,1,0,0,0,0,0,0,0,0,0,0,0,0,0,0,0,0
7198,1,0,0,0,0,0,0,0,0,0,0,0,0,0,0,0,0,0
7211,0,0,0,0,0,1,0,0,0,0,0,0,0,0,0,0,0,0
7228,1,0,0,0,0,0,0,0,0,0,0,0,0,0,0,0,0,0
7264,0,0,0,0,0,0,0,0,0,1,0,0,1,0,0,1,0,0
7275,0,0,0,0,0,0,0,0,0,0,0,0,0,1,0,0,0,0
7303,1,0,0,0,0,0,0,0,0,0,0,0,0,0,0,0,0,0
7306,1,0,0,0,0,0,0,0,0,0,0,0,0,0,0,0,0,0
7315,1,0,0,0,0,0,0,0,0,0,0,0,0,0,0,0,0,0
7336,1,0,0,0,0,0,0,0,0,0,0,0,0,0,0,0,0,0
7344,1,0,0,0,0,0,0,0,0,0,0,0,0,0,0,0,0,0
7362,1,0,0,0,0,0,0,0,0,0,0,0,0,0,0,0,0,0
7363,1,0,0,0,0,0,0,0,0,0,0,0,0,0,0,0,0,0
7383,1,0,0,0,0,0,0,0,0,0,0,0,0,0,0,0,0,0
7386,1,0,0,0,0,0,0,0,0,0,0,0,0,0,0,0,0,0
7446,1,0,0,0,0,0,0,0,0,0,0,0,0,0,0,0,0,0
7452,1,0,0,0,0,0,0,0,0,0,0,0,0,0,0,0,0,0
7472,1,0,0,0,0,0,0,0,0,0,0,0,0,0,0,0,0,0
7501,1,0,0,0,0,0,0,0,0,0,0,0,0,0,0,0,0,0
7509,0,0,0,0,0,0,0,0,0,0,0,0,0,0,1,0,0,0
7533,1,0,0,0,0,0,0,0,0,0,0,0,0,0,0,0,0,0
7536,1,0,0,0,0,0,0,0,0,0,0,0,0,0,0,0,0,0
7555,0,0,0,0,0,0,0,0,0,0,0,0,0,1,0,0,0,0
7576,1,0,0,0,0,0,0,0,0,0,0,0,0,0,0,0,0,0
7579,1,0,0,0,0,0,0,0,0,0,0,0,0,0,0,0,0,0
7583,1,0,0,0,0,0,0,0,0,0,0,0,0,0,0,0,0,0
7587,1,0,0,0,0,0,0,0,0,0,0,0,0,0,0,0,0,0
7593,1,0,0,0,0,0,0,0,0,0,0,0,0,0,0,0,0,0
7595,1,0,0,0,0,0,0,0,0,0,0,0,0,0,0,0,0,0
7600,1,0,0,0,0,0,0,0,0,0,0,0,0,0,0,0,0,0
7603,1,0,0,0,0,0,0,0,0,0,0,0,0,0,0,0,0,0
7641,1,0,0,0,0,0,0,0,0,0,0,0,0,0,0,0,0,0
7660,1,0,0,0,0,0,0,0,0,0,0,0,0,0,0,0,0,0
7663,1,0,0,0,0,0,0,0,0,0,0,0,0,0,0,0,0,0
7671,1,0,0,0,0,0,0,0,0,0,0,0,0,0,0,0,0,0
7672,0,0,0,0,0,0,0,0,0,0,1,0,0,0,0,0,0,0
7692,1,0,0,0,0,0,0,0,0,0,0,0,0,0,0,0,0,0
7705,0,0,0,0,0,0,0,0,0,0,0,0,0,1,0,0,0,0
7723,1,0,0,0,0,0,0,0,0,0,0,0,0,0,0,0,0,0
7726,1,0,0,0,0,0,0,0,0,0,0,0,0,0,0,0,0,0
7729,1,0,0,0,0,0,0,0,0,0,0,0,0,0,0,0,0,0
7732,0,0,0,0,0,0,0,0,0,0,1,0,1,0,0,0,0,0
7758,1,0,0,0,0,0,0,0,0,0,0,0,0,0,0,0,0,0
7760,1,0,0,0,0,0,0,0,0,0,0,0,0,0,0,0,0,0
7807,0,0,0,0,0,0,0,0,0,0,0,0,0,1,0,0,0,0
7808,0,0,0,0,0,0,0,0,0,0,0,0,0,0,1,0,0,0
7816,1,0,0,0,0,0,0,0,0,0,0,0,0,0,0,0,0,0
7838,1,0,0,0,0,0,0,0,0,0,0,0,0,0,0,0,0,0
7857,0,0,0,0,0,0,1,0,0,0,0,0,0,0,0,0,0,0
7873,0,0,0,0,0,0,0,0,0,0,1,0,0,1,0,0,0,0
7897,1,0,0,0,0,0,0,0,0,0,0,0,0,0,0,0,0,0
7912,1,0,0,0,0,0,0,0,0,0,0,0,0,0,0,0,0,0
7920,0,0,0,0,0,0,0,0,0,1,1,0,0,1,0,0,0,0
7924,1,0,0,0,0,0,0,0,0,0,0,0,0,0,0,0,0,0
7928,1,0,0,0,0,0,0,0,0,0,0,0,0,0,0,0,0,0
7956,1,0,0,0,0,0,0,0,0,0,0,0,0,0,0,0,0,0
7983,1,0,0,0,0,0,0,0,0,0,0,0,0,0,0,0,0,0
7988,1,0,0,0,0,0,0,0,0,0,0,0,0,0,0,0,0,0
7990,0,0,0,0,0,1,0,0,0,0,0,0,0,0,0,0,0,0
7997,0,0,0,0,0,1,0,0,0,0,0,0,0,0,0,0,0,0
8047,1,0,0,0,0,0,0,0,0,0,0,0,0,0,0,0,0,0
8050,1,0,0,0,0,0,0,0,0,0,0,0,0,0,0,0,0,0
8086,0,0,0,0,0,0,0,0,0,1,0,0,0,1,0,0,0,0
8130,1,0,0,0,0,0,0,0,0,0,0,0,0,0,0,0,0,0
8133,1,0,0,0,0,0,0,0,0,0,0,0,0,0,0,0,0,0
8140,0,0,0,0,0,0,0,0,0,0,1,0,0,1,0,0,0,0
8150,1,0,0,0,0,0,0,0,0,0,0,0,0,0,0,0,0,0
8166,1,0,0,0,0,0,0,0,0,0,0,0,0,0,0,0,0,0
8173,0,0,0,0,0,0,0,0,0,0,1,0,0,0,0,0,0,0
8192,1,0,0,0,0,0,0,0,0,0,0,0,0,0,0,0,0,0
8200,1,0,0,0,0,0,0,0,0,0,0,0,0,0,0,0,0,0
8206,1,0,0,0,0,0,0,0,0,0,0,0,0,0,0,0,0,0
8236,1,0,0,0,0,0,0,0,0,0,0,0,0,0,0,0,0,0
8242,1,0,0,0,0,0,0,0,0,0,0,0,0,0,0,0,0,0
8273,1,0,0,0,0,0,0,0,0,0,0,0,0,0,0,0,0,0
8279,1,0,0,0,0,0,0,0,0,0,0,0,0,0,0,0,0,0
8285,1,0,0,0,0,0,0,0,0,0,0,0,0,0,0,0,0,0
8303,0,0,0,0,0,0,0,0,0,0,0,0,0,1,0,0,0,0
8305,0,0,0,0,0,0,0,0,0,0,1,0,0,1,0,0,0,0
8308,1,0,0,0,0,0,0,0,0,0,0,0,0,0,0,0,0,0
8311,1,0,0,0,0,0,0,0,0,0,0,0,0,0,0,0,0,0
8336,1,0,0,0,0,0,0,0,0,0,0,0,0,0,0,0,0,0
8346,1,0,0,0,0,0,0,0,0,0,0,0,0,0,0,0,0,0
8364,0,0,0,0,0,1,0,0,1,0,0,0,0,0,0,0,0,0
8388,0,0,0,0,0,0,0,0,0,0,0,0,1,0,0,0,0,0
8389,1,0,0,0,0,0,0,0,0,0,0,0,0,0,0,0,0,0
8413,0,0,0,0,0,1,0,0,0,0,0,0,0,0,0,0,0,0
8421,1,0,0,0,0,0,0,0,0,0,0,0,0,0,0,0,0,0
8422,1,0,0,0,0,0,0,0,0,0,0,0,0,0,0,0,0,0
8441,0,0,0,0,0,0,0,0,0,0,0,0,0,0,1,0,0,0
8451,0,0,0,0,0,1,0,0,0,0,0,0,0,0,0,0,0,0
8453,0,1,0,0,0,0,0,0,0,0,0,0,0,0,0,0,0,0
8520,0,0,0,0,0,0,0,0,0,0,1,0,1,0,0,0,0,0
8529,1,0,0,0,0,0,0,0,0,0,0,0,0,0,0,0,0,0
8530,1,0,0,0,0,0,0,0,0,0,0,0,0,0,0,0,0,0
8537,0,0,0,0,0,1,0,0,0,0,0,0,0,0,0,0,0,0
8608,1,0,0,0,0,0,0,0,0,0,0,0,0,0,0,0,0,0
8772,1,0,0,0,0,0,0,0,0,0,0,0,0,0,0,0,0,0
8777,1,0,0,0,0,0,0,0,0,0,0,0,0,0,0,0,0,0
8793,0,0,0,0,0,0,0,0,0,0,0,0,0,0,1,0,0,0
8802,1,0,0,0,0,0,0,0,0,0,0,0,0,0,0,0,0,0
8810,1,0,0,0,0,0,0,0,0,0,0,0,0,0,0,0,0,0
8871,1,0,0,0,0,0,0,0,0,0,0,0,0,0,0,0,0,0
8882,1,0,0,0,0,0,0,0,0,0,0,0,0,0,0,0,0,0
8888,1,0,0,0,0,0,0,0,0,0,0,0,0,0,0,0,0,0
8911,1,0,0,0,0,0,0,0,0,0,0,0,0,0,0,0,0,0
8918,1,0,0,0,0,0,0,0,0,0,0,0,0,0,0,0,0,0
8926,1,0,0,0,0,0,0,0,0,0,0,0,0,0,0,0,0,0
8944,0,0,0,0,0,0,0,0,0,0,0,0,0,1,0,0,0,0
8978,0,0,0,0,0,0,0,0,0,0,0,0,1,0,0,0,0,0
8996,1,0,0,0,0,0,0,0,0,0,0,0,0,0,0,0,0,0
8999,0,0,0,0,0,0,0,0,0,0,0,0,0,0,1,1,0,0
9010,0,0,0,0,0,0,0,0,0,0,0,0,1,0,0,0,0,0
9063,1,0,0,0,0,0,0,0,0,0,0,0,0,0,0,0,0,0
9064,1,0,0,0,0,0,0,0,0,0,0,0,0,0,0,0,0,0
9085,1,0,0,0,0,0,0,0,0,0,0,0,0,0,0,0,0,0
9100,1,0,0,0,0,0,0,0,0,0,0,0,0,0,0,0,0,0
9132,1,0,0,0,0,0,0,0,0,0,0,0,0,0,0,0,0,0
9151,1,0,0,0,0,0,0,0,0,0,0,0,0,0,0,0,0,0
9157,0,0,0,0,0,0,0,0,0,0,1,0,0,0,0,0,0,0
9166,1,0,0,0,0,0,0,0,0,0,0,0,0,0,0,0,0,0
9200,1,0,0,0,0,0,0,0,0,0,0,0,0,0,0,0,0,0
9205,1,0,0,0,0,0,0,0,0,0,0,0,0,0,0,0,0,0
9224,1,0,0,0,0,0,0,0,0,0,0,0,0,0,0,0,0,0
9230,1,0,0,0,0,0,0,0,0,0,0,0,0,0,0,0,0,0
9270,0,0,0,0,0,0,1,0,0,0,0,0,0,0,0,0,0,0
9274,1,0,0,0,0,0,0,0,0,0,0,0,0,0,0,0,0,0
9282,1,0,0,0,0,0,0,0,0,0,0,0,0,0,0,0,0,0
9298,0,0,0,0,0,0,1,0,0,0,0,0,0,0,0,0,0,0
9331,1,0,0,0,0,0,0,0,0,0,0,0,0,0,0,0,0,0
9383,0,0,0,0,0,0,0,0,0,0,0,1,1,0,0,0,0,0
9397,1,0,0,0,0,0,0,0,0,0,0,0,0,0,0,0,0,0
9440,0,0,0,0,0,0,0,0,0,0,0,0,1,1,0,0,0,0
9493,0,0,0,0,0,0,0,0,0,0,1,0,1,0,0,0,0,0
9499,0,1,0,0,0,0,0,0,0,0,0,0,0,0,0,0,0,0
9538,1,0,0,0,0,0,0,0,0,0,0,0,0,0,0,0,0,0
9547,1,0,0,0,0,0,0,0,0,0,0,0,0,0,0,0,0,0
9559,1,0,0,0,0,0,0,0,0,0,0,0,0,0,0,0,0,0
9581,0,0,0,0,0,0,0,0,0,0,1,0,0,1,0,0,0,0
9596,1,0,0,0,0,0,0,0,0,0,0,0,0,0,0,0,0,0
9613,0,0,0,0,0,0,0,0,0,0,0,0,0,1,0,0,0,0
9626,1,0,0,0,0,0,0,0,0,0,0,0,0,0,0,0,0,0
9644,1,0,0,0,0,0,0,0,0,0,0,0,0,0,0,0,0,0
9650,1,0,0,0,0,0,0,0,0,0,0,0,0,0,0,0,0,0
9658,1,0,0,0,0,0,0,0,0,0,0,0,0,0,0,0,0,0
9662,1,0,0,0,0,0,0,0,0,0,0,0,0,0,0,0,0,0
9672,0,0,0,0,0,1,0,0,0,0,0,0,0,0,0,0,0,0
9675,1,0,0,0,0,0,0,0,0,0,0,0,0,0,0,0,0,0
9685,1,0,0,0,0,0,0,0,0,0,0,0,0,0,0,0,0,0
9693,1,0,0,0,0,0,0,0,0,0,0,0,0,0,0,0,0,0
9705,1,0,0,0,0,0,0,0,0,0,0,0,0,0,0,0,0,0
9741,1,0,0,0,0,0,0,0,0,0,0,0,0,0,0,0,0,0
9763,1,0,0,0,0,0,0,0,0,0,0,0,0,0,0,0,0,0
9824,1,0,0,0,0,0,0,0,0,0,0,0,0,0,0,0,0,0
9828,1,0,0,0,0,0,0,0,0,0,0,0,0,0,0,0,0,0
9844,0,0,0,0,1,0,0,0,0,0,0,0,0,1,0,0,0,0
9869,1,0,0,0,0,0,0,0,0,0,0,0,0,0,0,0,0,0
9883,0,0,0,0,0,0,0,0,0,0,0,0,0,1,0,0,0,0
9888,1,0,0,0,0,0,0,0,0,0,0,0,0,0,0,0,0,0
9904,1,0,0,0,0,0,0,0,0,0,0,0,0,0,0,0,0,0
9905,1,0,0,0,0,0,0,0,0,0,0,0,0,0,0,0,0,0
9909,0,0,0,0,0,0,0,0,0,0,1,1,0,0,0,0,0,0
9910,1,0,0,0,0,0,0,0,0,0,0,0,0,0,0,0,0,0
9932,1,0,0,0,0,0,0,0,0,0,0,0,0,0,0,0,0,0
9954,1,0,0,0,0,0,0,0,0,0,0,0,0,0,0,0,0,0
9958,1,0,0,0,0,0,0,0,0,0,0,0,0,0,0,0,0,0
10003,1,0,0,0,0,0,0,0,0,0,0,0,0,0,0,0,0,0
10005,0,0,0,0,0,0,0,0,0,0,0,0,0,0,1,0,0,0
10009,0,0,0,0,0,1,0,0,0,0,0,0,0,0,0,0,0,0
10036,1,0,0,0,0,0,0,0,0,0,0,0,0,0,0,0,0,0
10043,1,0,0,0,0,0,0,0,0,0,0,0,0,0,0,0,0,0
10078,0,0,0,0,0,0,0,0,0,0,1,0,1,0,0,0,0,0
10134,0,0,0,0,0,0,0,0,0,0,0,0,0,0,0,0,0,1
10144,1,0,0,0,0,0,0,0,0,0,0,0,0,0,0,0,0,0
10172,1,0,0,0,0,0,0,0,0,0,0,0,0,0,0,0,0,0
10186,1,0,0,0,0,0,0,0,0,0,0,0,0,0,0,0,0,0
10246,1,0,0,0,0,0,0,0,0,0,0,0,0,0,0,0,0,0
10262,1,0,0,0,0,0,0,0,0,0,0,0,0,0,0,0,0,0
10282,0,0,0,0,0,0,0,0,1,0,0,0,0,0,0,0,0,0
10312,0,0,0,0,1,0,0,0,0,0,0,0,1,0,0,0,0,0
10329,1,0,0,0,0,0,0,0,0,0,0,0,0,0,0,0,0,0
10343,1,0,0,0,0,0,0,0,0,0,0,0,0,0,0,0,0,0
10348,0,0,0,0,0,0,0,0,0,0,0,0,1,0,0,0,0,0
10353,1,0,0,0,0,0,0,0,0,0,0,0,0,0,0,0,0,0
10354,1,0,0,0,0,0,0,0,0,0,0,0,0,0,0,0,0,0
10355,1,0,0,0,0,0,0,0,0,0,0,0,0,0,0,0,0,0
10376,0,0,0,0,0,0,0,0,0,0,0,0,0,1,0,0,0,0
10377,1,0,0,0,0,0,0,0,0,0,0,0,0,0,0,0,0,0
10393,1,0,0,0,0,0,0,0,0,0,0,0,0,0,0,0,0,0
10401,0,0,0,0,0,0,0,0,0,0,1,0,0,0,0,0,0,0
10404,1,0,0,0,0,0,0,0,0,0,0,0,0,0,0,0,0,0
10438,0,0,0,0,0,0,0,0,0,1,1,0,0,0,0,0,0,0
10446,1,0,0,0,0,0,0,0,0,0,0,0,0,0,0,0,0,0
10457,1,0,0,0,0,0,0,0,0,0,0,0,0,0,0,0,0,0
10461,0,1,0,0,0,0,0,0,0,0,0,0,1,0,0,0,0,0
10467,1,0,0,0,0,0,0,0,0,0,0,0,0,0,0,0,0,0
10499,1,0,0,0,0,0,0,0,0,0,0,0,0,0,0,0,0,0
10507,1,0,0,0,0,0,0,0,0,0,0,0,0,0,0,0,0,0
10568,0,0,0,0,0,0,0,0,0,0,0,0,0,0,1,0,0,0
10569,1,0,0,0,0,0,0,0,0,0,0,0,0,0,0,0,0,0
10582,0,0,0,0,0,0,0,0,0,0,0,0,0,1,0,0,0,0
10591,1,0,0,0,0,0,0,0,0,0,0,0,0,0,0,0,0,0
10612,0,0,0,0,0,0,0,0,0,0,0,0,0,0,1,1,0,0
10628,1,0,0,0,0,0,0,0,0,0,0,0,0,0,0,0,0,0
10653,0,0,0,0,1,0,0,0,0,0,0,0,0,0,0,0,0,0
10677,0,0,0,0,0,0,0,0,1,0,0,0,0,0,0,0,0,0
10682,1,0,0,0,0,0,0,0,0,0,0,0,0,0,0,0,0,0
10706,1,0,0,0,0,0,0,0,0,0,0,0,0,0,0,0,0,0
10714,0,0,0,0,0,0,0,0,0,0,0,0,0,1,0,0,0,0
10721,1,0,0,0,0,0,0,0,0,0,0,0,0,0,0,0,0,0
10729,0,0,0,0,0,0,0,0,0,1,0,0,0,1,0,0,0,0
10737,1,0,0,0,0,0,0,0,0,0,0,0,0,0,0,0,0,0
10744,1,0,0,0,0,0,0,0,0,0,0,0,0,0,0,0,0,0
10779,1,0,0,0,0,0,0,0,0,0,0,0,0,0,0,0,0,0
10787,0,0,0,0,0,0,0,0,0,0,0,0,0,0,1,0,0,0
10794,0,0,0,0,0,1,0,0,0,0,0,0,0,0,0,0,0,0
10822,0,1,0,0,0,0,0,0,0,0,0,0,0,1,0,0,0,0
10850,1,0,0,0,0,0,0,0,0,0,0,0,0,0,0,0,0,0
10872,1,0,0,0,0,0,0,0,0,0,0,0,0,0,0,0,0,0
10882,0,0,0,0,0,0,0,0,0,0,0,0,0,1,0,0,0,0
10899,1,0,0,0,0,0,0,0,0,0,0,0,0,0,0,0,0,0
10924,0,0,0,0,0,0,0,0,0,0,0,0,0,1,0,0,0,0
10932,1,0,0,0,0,0,0,0,0,0,0,0,0,0,0,0,0,0
11011,0,0,0,0,0,0,0,0,0,0,1,0,0,0,0,0,0,0
11078,1,0,0,0,0,0,0,0,0,0,0,0,0,0,0,0,0,0
11095,0,1,0,0,0,0,0,0,0,0,1,0,1,0,0,0,0,0
11102,1,0,0,0,0,0,0,0,0,0,0,0,0,0,0,0,0,0
11108,1,0,0,0,0,0,0,0,0,0,0,0,0,0,0,0,0,0
11124,0,0,0,0,0,1,0,0,0,1,0,0,0,0,0,0,0,0
11134,1,0,0,0,0,0,0,0,0,0,0,0,0,0,0,0,0,0
11169,1,0,0,0,0,0,0,0,0,0,0,0,0,0,0,0,0,0
11173,1,0,0,0,0,0,0,0,0,0,0,0,0,0,0,0,0,0
11190,1,0,0,0,0,0,0,0,0,0,0,0,0,0,0,0,0,0
11213,1,0,0,0,0,0,0,0,0,0,0,0,0,0,0,0,0,0
11229,1,0,0,0,0,0,0,0,0,0,0,0,0,0,0,0,0,0
11246,1,0,0,0,0,0,0,0,0,0,0,0,0,0,0,0,0,0
11261,0,0,0,0,0,0,0,0,0,0,1,0,1,0,0,0,0,0
11263,1,0,0,0,0,0,0,0,0,0,0,0,0,0,0,0,0,0
11265,1,0,0,0,0,0,0,0,0,0,0,0,0,0,0,0,0,0
11288,1,0,0,0,0,0,0,0,0,0,0,0,0,0,0,0,0,0
11295,0,0,0,0,0,0,0,0,0,0,0,0,0,0,1,0,0,0
11326,0,1,1,0,0,0,0,0,0,0,0,0,1,0,0,0,0,0
11336,1,0,0,0,0,0,0,0,0,0,0,0,0,0,0,0,0,0
11371,0,0,0,0,0,0,0,0,0,0,0,0,0,0,1,0,0,0
11379,1,0,0,0,0,0,0,0,0,0,0,0,0,0,0,0,0,0
11384,0,0,0,0,0,0,0,0,0,0,1,0,0,1,0,0,0,0
11394,0,1,0,0,0,0,0,0,0,0,0,0,0,0,0,0,0,0
11397,0,0,0,0,0,0,0,0,0,0,0,0,0,1,0,0,0,0
11423,0,0,0,0,0,0,0,0,0,0,1,0,0,0,0,0,0,0
11477,1,0,0,0,0,0,0,0,0,0,0,0,0,0,0,0,0,0
11483,1,0,0,0,0,0,0,0,0,0,0,0,0,0,0,0,0,0
11553,1,0,0,0,0,0,0,0,0,0,0,0,0,0,0,0,0,0
11556,1,0,0,0,0,0,0,0,0,0,0,0,0,0,0,0,0,0
11572,0,0,0,0,0,0,0,0,0,0,1,0,0,0,0,0,0,0
11590,1,0,0,0,0,0,0,0,0,0,0,0,0,0,0,0,0,0
11599,0,0,0,0,0,0,0,0,0,0,0,0,0,1,0,0,0,0
11601,0,0,0,0,1,0,0,0,0,0,0,0,0,0,0,0,0,0
11631,1,0,0,0,0,0,0,0,0,0,0,0,0,0,0,0,0,0
11665,1,0,0,0,0,0,0,0,0,0,0,0,0,0,0,0,0,0
11677,1,0,0,0,0,0,0,0,0,0,0,0,0,0,0,0,0,0
11679,0,0,0,0,0,0,0,0,0,0,0,0,0,1,0,0,0,0
11682,1,0,0,0,0,0,0,0,0,0,0,0,0,0,0,0,0,0
11696,1,0,0,0,0,0,0,0,0,0,0,0,0,0,0,0,0,0
11712,1,0,0,0,0,0,0,0,0,0,0,0,0,0,0,0,0,0
11717,0,0,0,0,0,0,0,0,0,0,0,0,0,0,1,0,0,0
11719,1,0,0,0,0,0,0,0,0,0,0,0,0,0,0,0,0,0
11770,1,0,0,0,0,0,0,0,0,0,0,0,0,0,0,0,0,0
11786,1,0,0,0,0,0,0,0,0,0,0,0,0,0,0,0,0,0
11829,1,0,0,0,0,0,0,0,0,0,0,0,0,0,0,0,0,0
11849,0,0,0,0,0,0,0,0,0,0,0,0,0,0,1,0,0,0
11873,1,0,0,0,0,0,0,0,0,0,0,0,0,0,0,0,0,0
11883,0,0,0,0,0,0,0,0,0,0,0,0,1,0,0,0,0,0
11918,0,0,0,0,0,0,0,0,0,1,0,0,0,1,0,0,0,0
11926,0,0,0,0,0,0,0,0,0,0,0,0,0,1,0,0,0,0
11930,1,0,0,0,0,0,0,0,0,0,0,0,0,0,0,0,0,0
11942,1,0,0,0,0,0,0,0,0,0,0,0,0,0,0,0,0,0
11944,1,0,0,0,0,0,0,0,0,0,0,0,0,0,0,0,0,0
11949,1,0,0,0,0,0,0,0,0,0,0,0,0,0,0,0,0,0
11956,0,0,0,0,0,0,0,0,0,0,0,0,1,0,0,0,0,0
11973,0,0,0,0,0,0,0,0,0,0,0,0,1,1,0,0,0,0
12055,0,0,0,0,0,1,0,0,0,0,0,0,0,0,0,0,0,0
12066,1,0,0,0,0,0,0,0,0,0,0,0,0,0,0,0,0,0
12069,0,1,0,0,0,0,0,0,0,0,0,0,1,0,1,0,0,0
12072,1,0,0,0,0,0,0,0,0,0,0,0,0,0,0,0,0,0
12077,1,0,0,0,0,0,0,0,0,0,0,0,0,0,0,0,0,0
12120,1,0,0,0,0,0,0,0,0,0,0,0,0,0,0,0,0,0
12154,1,0,0,0,0,0,0,0,0,0,0,0,0,0,0,0,0,0
12161,1,0,0,0,0,0,0,0,0,0,0,0,0,0,0,0,0,0
12162,1,0,0,0,0,0,0,0,0,0,0,0,0,0,0,0,0,0
12173,1,0,0,0,0,0,0,0,0,0,0,0,0,0,0,0,0,0
12175,1,0,0,0,0,0,0,0,0,0,0,0,0,0,0,0,0,0
12180,1,0,0,0,0,0,0,0,0,0,0,0,0,0,0,0,0,0
12197,1,0,0,0,0,0,0,0,0,0,0,0,0,0,0,0,0,0
12233,1,0,0,0,0,0,0,0,0,0,0,0,0,0,0,0,0,0
12256,1,0,0,0,0,0,0,0,0,0,0,0,0,0,0,0,0,0
12265,1,0,0,0,0,0,0,0,0,0,0,0,0,0,0,0,0,0
12276,1,0,0,0,0,0,0,0,0,0,0,0,0,0,0,0,0,0
12282,1,0,0,0,0,0,0,0,0,0,0,0,0,0,0,0,0,0
12326,0,0,0,0,0,0,0,0,0,0,0,1,0,0,0,0,0,0
12350,1,0,0,0,0,0,0,0,0,0,0,0,0,0,0,0,0,0
12352,0,1,0,0,0,0,0,0,0,0,0,0,0,1,0,0,0,0
12389,0,0,0,0,0,0,0,0,0,1,0,0,0,1,0,0,0,0
12396,1,0,0,0,0,0,0,0,0,0,0,0,0,0,0,0,0,0
12401,1,0,0,0,0,0,0,0,0,0,0,0,0,0,0,0,0,0
12409,1,0,0,0,0,0,0,0,0,0,0,0,0,0,0,0,0,0
12445,1,0,0,0,0,0,0,0,0,0,0,0,0,0,0,0,0,0
12463,0,1,0,0,0,0,0,0,0,0,0,0,0,1,0,0,0,0
12471,0,0,0,0,0,0,0,0,0,0,1,0,0,0,0,0,0,0
12480,0,0,0,0,0,0,0,0,1,0,0,0,0,0,0,0,0,0
12492,1,0,0,0,0,0,0,0,0,0,0,0,0,0,0,0,0,0
12500,1,0,0,0,0,0,0,0,0,0,0,0,0,0,0,0,0,0
12521,1,0,0,0,0,0,0,0,0,0,0,0,0,0,0,0,0,0
12534,0,0,0,0,0,0,0,0,0,0,0,1,0,0,0,0,0,0
12550,1,0,0,0,0,0,0,0,0,0,0,0,0,0,0,0,0,0
12564,1,0,0,0,0,0,0,0,0,0,0,0,0,0,0,0,0,0
12572,0,0,0,0,0,0,0,0,0,0,0,0,0,1,0,0,0,0
12581,1,0,0,0,0,0,0,0,0,0,0,0,0,0,0,0,0,0
12595,1,0,0,0,0,0,0,0,0,0,0,0,0,0,0,0,0,0
12606,1,0,0,0,0,0,0,0,0,0,0,0,0,0,0,0,0,0
12632,1,0,0,0,0,0,0,0,0,0,0,0,0,0,0,0,0,0
12666,1,0,0,0,0,0,0,0,0,0,0,0,0,0,0,0,0,0
12669,1,0,0,0,0,0,0,0,0,0,0,0,0,0,0,0,0,0
12697,1,0,0,0,0,0,0,0,0,0,0,0,0,0,0,0,0,0
12700,0,0,0,0,0,0,0,0,0,0,0,0,0,1,0,0,0,0
12707,1,0,0,0,0,0,0,0,0,0,0,0,0,0,0,0,0,0
12761,0,0,0,0,0,0,0,0,0,0,0,0,0,1,0,0,0,0
12785,1,0,0,0,0,0,0,0,0,0,0,0,0,0,0,0,0,0
12808,1,0,0,0,0,0,0,0,0,0,0,0,0,0,0,0,0,0
12809,1,0,0,0,0,0,0,0,0,0,0,0,0,0,0,0,0,0
12847,1,0,0,0,0,0,0,0,0,0,0,0,0,0,0,0,0,0
12849,0,1,0,0,0,0,0,0,0,0,0,0,0,0,0,0,0,0
12879,0,0,0,0,0,0,0,0,0,0,0,0,0,1,0,0,0,0
12880,1,0,0,0,0,0,0,0,0,0,0,0,0,0,0,0,0,0
12945,0,0,0,0,0,1,0,0,0,0,0,0,0,0,0,0,0,0
12957,1,0,0,0,0,0,0,0,0,0,0,0,0,0,0,0,0,0
12966,1,0,0,0,0,0,0,0,0,0,0,0,0,0,0,0,0,0
13000,0,0,0,0,0,0,0,0,0,1,0,0,0,1,0,0,0,0
13034,1,0,0,0,0,0,0,0,0,0,0,0,0,0,0,0,0,0
13065,1,0,0,0,0,0,0,0,0,0,0,0,0,0,0,0,0,0
13100,1,0,0,0,0,0,0,0,0,0,0,0,0,0,0,0,0,0
13160,1,0,0,0,0,0,0,0,0,0,0,0,0,0,0,0,0,0
13179,0,0,0,0,0,0,0,0,0,0,0,0,1,1,0,0,0,0
13189,1,0,0,0,0,0,0,0,0,0,0,0,0,0,0,0,0,0
13191,1,0,0,0,0,0,0,0,0,0,0,0,0,0,0,0,0,0
13204,1,0,0,0,0,0,0,0,0,0,0,0,0,0,0,0,0,0
13213,1,0,0,0,0,0,0,0,0,0,0,0,0,0,0,0,0,0
13230,1,0,0,0,0,0,0,0,0,0,0,0,0,0,0,0,0,0
13247,1,0,0,0,0,0,0,0,0,0,0,0,0,0,0,0,0,0
13274,1,0,0,0,0,0,0,0,0,0,0,0,0,0,0,0,0,0
13279,1,0,0,0,0,0,0,0,0,0,0,0,0,0,0,0,0,0
13291,1,0,0,0,0,0,0,0,0,0,0,0,0,0,0,0,0,0
13299,1,0,0,0,0,0,0,0,0,0,0,0,0,0,0,0,0,0
13363,1,0,0,0,0,0,0,0,0,0,0,0,0,0,0,0,0,0
13382,1,0,0,0,0,0,0,0,0,0,0,0,0,0,0,0,0,0
13409,0,1,0,0,0,0,0,0,0,0,0,0,0,0,0,0,0,0
13427,1,0,0,0,0,0,0,0,0,0,0,0,0,0,0,0,0,0
13447,0,0,0,0,0,0,0,0,0,0,1,0,0,1,0,0,0,0
13454,0,0,0,0,0,0,0,0,0,0,0,0,1,0,0,0,0,0
13460,1,0,0,0,0,0,0,0,0,0,0,0,0,0,0,0,0,0
13470,1,0,0,0,0,0,0,0,0,0,0,0,0,0,0,0,0,0
13477,0,0,0,0,0,0,0,0,0,0,1,0,1,0,0,0,0,0
13480,1,0,0,0,0,0,0,0,0,0,0,0,0,0,0,0,0,0
13519,1,0,0,0,0,0,0,0,0,0,0,0,0,0,0,0,0,0
13542,0,0,0,0,0,0,0,0,0,0,0,0,0,1,0,0,0,0
13548,1,0,0,0,0,0,0,0,0,0,0,0,0,0,0,0,0,0
13571,1,0,0,0,0,0,0,0,0,0,0,0,0,0,0,0,0,0
13574,1,0,0,0,0,0,0,0,0,0,0,0,0,0,0,0,0,0
13590,1,0,0,0,0,0,0,0,0,0,0,0,0,0,0,0,0,0
13619,0,0,0,0,0,0,1,0,0,0,0,0,0,0,0,0,0,0
13628,1,0,0,0,0,0,0,0,0,0,0,0,0,0,0,0,0,0
13633,1,0,0,0,0,0,0,0,0,0,0,0,0,0,0,0,0,0
13652,0,0,0,0,0,0,0,0,0,0,0,0,0,1,0,0,0,0
13671,1,0,0,0,0,0,0,0,0,0,0,0,0,0,0,0,0,0
13672,1,0,0,0,0,0,0,0,0,0,0,0,0,0,0,0,0,0
13683,1,0,0,0,0,0,0,0,0,0,0,0,0,0,0,0,0,0
13706,0,0,0,0,0,0,0,0,0,0,0,0,0,1,0,0,0,0
13707,1,0,0,0,0,0,0,0,0,0,0,0,0,0,0,0,0,0
13721,0,0,0,0,0,0,0,0,0,0,0,0,0,1,0,0,0,0
13745,0,0,0,0,0,0,0,0,0,0,1,0,1,0,0,0,0,0
13752,1,0,0,0,0,0,0,0,0,0,0,0,0,0,0,0,0,0
13773,1,0,0,0,0,0,0,0,0,0,0,0,0,0,0,0,0,0
13804,0,0,0,0,0,0,0,0,0,0,0,0,0,0,1,0,0,0
13840,1,0,0,0,0,0,0,0,0,0,0,0,0,0,0,0,0,0
13841,0,0,0,0,0,0,0,0,0,0,1,0,0,0,0,0,0,0
13842,1,0,0,0,0,0,0,0,0,0,0,0,0,0,0,0,0,0
13848,1,0,0,0,0,0,0,0,0,0,0,0,0,0,0,0,0,0
13876,1,0,0,0,0,0,0,0,0,0,0,0,0,0,0,0,0,0
13884,1,0,0,0,0,0,0,0,0,0,0,0,0,0,0,0,0,0
13897,0,0,0,0,0,0,0,0,0,0,0,1,0,0,0,0,0,0
13927,1,0,0,0,0,0,0,0,0,0,0,0,0,0,0,0,0,0
13947,1,0,0,0,0,0,0,0,0,0,0,0,0,0,0,0,0,0
13984,1,0,0,0,0,0,0,0,0,0,0,0,0,0,0,0,0,0
14011,1,0,0,0,0,0,0,0,0,0,0,0,0,0,0,0,0,0
14047,0,1,0,0,0,0,0,0,0,0,0,0,0,0,0,0,0,0
14053,0,0,0,0,0,0,0,0,0,0,0,0,1,0,0,0,0,0
14081,1,0,0,0,0,0,0,0,0,0,0,0,0,0,0,0,0,0
14083,0,0,0,0,0,0,0,0,1,0,0,0,0,0,0,0,0,0
14105,1,0,0,0,0,0,0,0,0,0,0,0,0,0,0,0,0,0
14112,1,0,0,0,0,0,0,0,0,0,0,0,0,0,0,0,0,0
14115,1,0,0,0,0,0,0,0,0,0,0,0,0,0,0,0,0,0
14131,0,0,0,0,0,0,0,0,0,0,0,0,0,0,1,1,0,0
14175,1,0,0,0,0,0,0,0,0,0,0,0,0,0,0,0,0,0
14179,0,1,0,0,0,0,0,0,0,0,0,0,0,0,0,0,0,0
14201,1,0,0,0,0,0,0,0,0,0,0,0,0,0,0,0,0,0
14241,1,0,0,0,0,0,0,0,0,0,0,0,0,0,0,0,0,0
14288,1,0,0,0,0,0,0,0,0,0,0,0,0,0,0,0,0,0
14294,1,0,0,0,0,0,0,0,0,0,0,0,0,0,0,0,0,0
14307,1,0,0,0,0,0,0,0,0,0,0,0,0,0,0,0,0,0
14318,0,0,0,0,0,0,0,0,0,0,0,1,0,0,0,0,0,0
14321,1,0,0,0,0,0,0,0,0,0,0,0,0,0,0,0,0,0
14336,1,0,0,0,0,0,0,0,0,0,0,0,0,0,0,0,0,0
14368,1,0,0,0,0,0,0,0,0,0,0,0,0,0,0,0,0,0
14375,1,0,0,0,0,0,0,0,0,0,0,0,0,0,0,0,0,0
14416,1,0,0,0,0,0,0,0,0,0,0,0,0,0,0,0,0,0
14417,1,0,0,0,0,0,0,0,0,0,0,0,0,0,0,0,0,0
14463,1,0,0,0,0,0,0,0,0,0,0,0,0,0,0,0,0,0
14467,1,0,0,0,0,0,0,0,0,0,0,0,0,0,0,0,0,0
14508,1,0,0,0,0,0,0,0,0,0,0,0,0,0,0,0,0,0
14621,1,0,0,0,0,0,0,0,0,0,0,0,0,0,0,0,0,0
14635,1,0,0,0,0,0,0,0,0,0,0,0,0,0,0,0,0,0
14663,1,0,0,0,0,0,0,0,0,0,0,0,0,0,0,0,0,0
14669,0,0,0,0,0,0,1,0,0,0,0,0,0,0,0,0,0,0
14695,1,0,0,0,0,0,0,0,0,0,0,0,0,0,0,0,0,0
14706,0,0,0,0,0,0,0,0,0,0,1,0,0,0,0,0,0,0
14778,1,0,0,0,0,0,0,0,0,0,0,0,0,0,0,0,0,0
14784,0,1,0,0,0,0,0,0,0,0,0,0,0,0,0,0,0,0
14790,1,0,0,0,0,0,0,0,0,0,0,0,0,0,0,0,0,0
14796,1,0,0,0,0,0,0,0,0,0,0,0,0,0,0,0,0,0
14806,1,0,0,0,0,0,0,0,0,0,0,0,0,0,0,0,0,0
14822,1,0,0,0,0,0,0,0,0,0,0,0,0,0,0,0,0,0
14825,1,0,0,0,0,0,0,0,0,0,0,0,0,0,0,0,0,0
14840,1,0,0,0,0,0,0,0,0,0,0,0,0,0,0,0,0,0
14847,1,0,0,0,0,0,0,0,0,0,0,0,0,0,0,0,0,0
14861,1,0,0,0,0,0,0,0,0,0,0,0,0,0,0,0,0,0
14867,1,0,0,0,0,0,0,0,0,0,0,0,0,0,0,0,0,0
14872,1,0,0,0,0,0,0,0,0,0,0,0,0,0,0,0,0,0
14897,1,0,0,0,0,0,0,0,0,0,0,0,0,0,0,0,0,0
14904,1,0,0,0,0,0,0,0,0,0,0,0,0,0,0,0,0,0
14912,1,0,0,0,0,0,0,0,0,0,0,0,0,0,0,0,0,0
14948,0,0,0,0,0,0,0,0,0,0,1,0,0,0,0,0,0,0
14950,1,0,0,0,0,0,0,0,0,0,0,0,0,0,0,0,0,0
14964,1,0,0,0,0,0,0,0,0,0,0,0,0,0,0,0,0,0
14969,0,0,0,0,0,0,0,0,0,0,0,0,0,0,1,1,0,0
14993,1,0,0,0,0,0,0,0,0,0,0,0,0,0,0,0,0,0
15029,1,0,0,0,0,0,0,0,0,0,0,0,0,0,0,0,0,0
15064,1,0,0,0,0,0,0,0,0,0,0,0,0,0,0,0,0,0
15105,0,0,0,0,0,0,0,0,0,1,1,0,0,0,0,0,0,0
15115,1,0,0,0,0,0,0,0,0,0,0,0,0,0,0,0,0,0
15118,1,0,0,0,0,0,0,0,0,0,0,0,0,0,0,0,0,0
15122,1,0,0,0,0,0,0,0,0,0,0,0,0,0,0,0,0,0
15129,1,0,0,0,0,0,0,0,0,0,0,0,0,0,0,0,0,0
15144,1,0,0,0,0,0,0,0,0,0,0,0,0,0,0,0,0,0
15180,1,0,0,0,0,0,0,0,0,0,0,0,0,0,0,0,0,0
15185,0,0,0,0,0,0,0,0,0,0,1,0,0,0,0,0,0,0
15222,1,0,0,0,0,0,0,0,0,0,0,0,0,0,0,0,0,0
15241,0,0,0,0,0,0,0,0,0,0,0,0,0,0,1,0,0,0
15321,1,0,0,0,0,0,0,0,0,0,0,0,0,0,0,0,0,0
15340,1,0,0,0,0,0,0,0,0,0,0,0,0,0,0,0,0,0
15344,1,0,0,0,0,0,0,0,0,0,0,0,0,0,0,0,0,0
15370,0,0,0,0,0,0,0,0,0,0,1,0,0,1,0,0,0,0
15400,1,0,0,0,0,0,0,0,0,0,0,0,0,0,0,0,0,0
15410,0,0,0,0,0,0,0,0,0,0,1,0,0,1,0,0,0,0
15427,1,0,0,0,0,0,0,0,0,0,0,0,0,0,0,0,0,0
15435,0,0,0,0,0,0,1,0,0,0,0,0,0,0,0,0,0,0
15440,1,0,0,0,0,0,0,0,0,0,0,0,0,0,0,0,0,0
15482,1,0,0,0,0,0,0,0,0,0,0,0,0,0,0,0,0,0
15501,0,0,0,0,0,0,0,0,0,0,0,0,0,1,0,0,0,0
15519,0,0,0,0,0,0,0,0,0,0,0,0,0,0,1,0,0,0
15528,1,0,0,0,0,0,0,0,0,0,0,0,0,0,0,0,0,0
15561,1,0,0,0,0,0,0,0,0,0,0,0,0,0,0,0,0,0
15569,1,0,0,0,0,0,0,0,0,0,0,0,0,0,0,0,0,0
15577,1,0,0,0,0,0,0,0,0,0,0,0,0,0,0,0,0,0
15591,1,0,0,0,0,0,0,0,0,0,0,0,0,0,0,0,0,0
15592,1,0,0,0,0,0,0,0,0,0,0,0,0,0,0,0,0,0
15606,1,0,0,0,0,0,0,0,0,0,0,0,0,0,0,0,0,0
15607,0,0,0,0,0,0,0,0,1,0,0,0,0,0,0,0,0,0
15611,1,0,0,0,0,0,0,0,0,0,0,0,0,0,0,0,0,0
15613,1,0,0,0,0,0,0,0,0,0,0,0,0,0,0,0,0,0
15630,1,0,0,0,0,0,0,0,0,0,0,0,0,0,0,0,0,0
15681,1,0,0,0,0,0,0,0,0,0,0,0,0,0,0,0,0,0
15813,1,0,0,0,0,0,0,0,0,0,0,0,0,0,0,0,0,0
15826,1,0,0,0,0,0,0,0,0,0,0,0,0,0,0,0,0,0
15849,0,0,0,0,0,0,0,0,0,0,0,0,0,1,0,0,0,0
15852,1,0,0,0,0,0,0,0,0,0,0,0,0,0,0,0,0,0
15855,1,0,0,0,0,0,0,0,0,0,0,0,0,0,0,0,0,0
15871,0,0,0,0,0,0,0,0,0,0,0,0,0,1,0,0,0,0
15897,1,0,0,0,0,0,0,0,0,0,0,0,0,0,0,0,0,0
15904,1,0,0,0,0,0,0,0,0,0,0,0,0,0,0,0,0,0
15905,1,0,0,0,0,0,0,0,0,0,0,0,0,0,0,0,0,0
15937,0,0,0,0,1,0,0,0,0,0,0,0,0,0,0,0,0,0
15947,0,0,0,0,0,0,0,0,0,0,0,0,0,0,1,0,0,0
15971,1,0,0,0,0,0,0,0,0,0,0,0,0,0,0,0,0,0
15982,1,0,0,0,0,0,0,0,0,0,0,0,0,0,0,0,0,0
15984,0,0,0,0,0,0,0,0,0,0,1,0,0,0,0,0,0,0
15985,0,0,0,0,0,1,0,0,0,0,0,0,0,0,0,0,0,0
15988,1,0,0,0,0,0,0,0,0,0,0,0,0,0,0,0,0,0
15996,1,0,0,0,0,0,0,0,0,0,0,0,0,0,0,0,0,0
16035,1,0,0,0,0,0,0,0,0,0,0,0,0,0,0,0,0,0
16062,0,0,0,0,0,0,0,0,0,0,1,0,0,0,0,0,0,0
16064,1,0,0,0,0,0,0,0,0,0,0,0,0,0,0,0,0,0
16080,0,0,0,0,0,0,0,0,0,0,1,1,0,0,0,0,0,0
16091,1,0,0,0,0,0,0,0,0,0,0,0,0,0,0,0,0,0
16102,1,0,0,0,0,0,0,0,0,0,0,0,0,0,0,0,0,0
16139,0,0,0,0,0,0,0,0,0,0,1,0,0,0,0,0,0,0
16148,1,0,0,0,0,0,0,0,0,0,0,0,0,0,0,0,0,0
16167,1,0,0,0,0,0,0,0,0,0,0,0,0,0,0,0,0,0
16168,1,0,0,0,0,0,0,0,0,0,0,0,0,0,0,0,0,0
16194,1,0,0,0,0,0,0,0,0,0,0,0,0,0,0,0,0,0
16234,0,0,0,0,0,0,0,0,0,0,0,0,0,1,0,0,0,0
16248,1,0,0,0,0,0,0,0,0,0,0,0,0,0,0,0,0,0
16253,1,0,0,0,0,0,0,0,0,0,0,0,0,0,0,0,0,0
16256,1,0,0,0,0,0,0,0,0,0,0,0,0,0,0,0,0,0
16275,0,1,0,0,0,0,0,0,0,0,0,0,0,0,0,0,0,0
16309,1,0,0,0,0,0,0,0,0,0,0,0,0,0,0,0,0,0
16321,1,0,0,0,0,0,0,0,0,0,0,0,0,0,0,0,0,0
16326,1,0,0,0,0,0,0,0,0,0,0,0,0,0,0,0,0,0
16343,1,0,0,0,0,0,0,0,0,0,0,0,0,0,0,0,0,0
16356,1,0,0,0,0,0,0,0,0,0,0,0,0,0,0,0,0,0
16397,0,0,0,0,0,0,0,0,0,0,0,0,0,1,0,0,0,0
16411,0,1,0,0,0,0,0,0,0,0,0,0,0,0,0,0,0,0
16468,1,0,0,0,0,0,0,0,0,0,0,0,0,0,0,0,0,0
16469,1,0,0,0,0,0,0,0,0,0,0,0,0,0,0,0,0,0
16498,1,0,0,0,0,0,0,0,0,0,0,0,0,0,0,0,0,0
16504,1,0,0,0,0,0,0,0,0,0,0,0,0,0,0,0,0,0
16507,1,0,0,0,0,0,0,0,0,0,0,0,0,0,0,0,0,0
16519,0,0,0,0,0,0,0,0,0,0,0,0,0,0,1,1,0,0
16579,0,1,0,0,0,0,0,0,0,0,0,0,0,0,0,0,0,0
16585,1,0,0,0,0,0,0,0,0,0,0,0,0,0,0,0,0,0
16615,1,0,0,0,0,0,0,0,0,0,0,0,0,0,0,0,0,0
16623,1,0,0,0,0,0,0,0,0,0,0,0,0,0,0,0,0,0
16626,0,0,0,0,0,0,0,0,0,0,0,0,0,0,1,0,0,0
16643,0,1,0,0,0,0,0,0,0,0,0,0,0,0,0,0,0,0
16658,0,0,0,0,0,1,0,0,0,0,0,0,0,0,0,0,0,0
16731,1,0,0,0,0,0,0,0,0,0,0,0,0,0,0,0,0,0
16754,0,0,0,0,0,1,0,0,0,0,0,0,0,0,0,0,0,0
16779,0,0,0,0,0,0,0,0,0,0,0,0,1,0,0,0,0,0
16807,0,0,0,0,0,0,0,0,0,0,0,0,0,1,0,0,0,0
16863,0,1,0,0,0,0,0,0,0,0,0,0,0,0,0,0,0,0
16878,0,0,0,0,0,1,0,0,0,0,0,0,0,0,0,0,0,0
16939,1,0,0,0,0,0,0,0,0,0,0,0,0,0,0,0,0,0
16946,1,0,0,0,0,0,0,0,0,0,0,0,0,0,0,0,0,0
16947,0,0,0,0,0,0,0,0,0,0,0,0,0,0,1,0,0,0
16959,1,0,0,0,0,0,0,0,0,0,0,0,0,0,0,0,0,0
17028,1,0,0,0,0,0,0,0,0,0,0,0,0,0,0,0,0,0
17033,1,0,0,0,0,0,0,0,0,0,0,0,0,0,0,0,0,0
17052,1,0,0,0,0,0,0,0,0,0,0,0,0,0,0,0,0,0
17074,1,0,0,0,0,0,0,0,0,0,0,0,0,0,0,0,0,0
17106,1,0,0,0,0,0,0,0,0,0,0,0,0,0,0,0,0,0
17172,0,0,0,0,0,0,0,0,0,0,0,0,0,1,0,0,0,0
17178,0,0,0,0,0,0,0,0,0,1,0,0,0,1,0,0,0,0
17179,1,0,0,0,0,0,0,0,0,0,0,0,0,0,0,0,0,0
17196,1,0,0,0,0,0,0,0,0,0,0,0,0,0,0,0,0,0
17197,1,0,0,0,0,0,0,0,0,0,0,0,0,0,0,0,0,0
17213,1,0,0,0,0,0,0,0,0,0,0,0,0,0,0,0,0,0
17221,1,0,0,0,0,0,0,0,0,0,0,0,0,0,0,0,0,0
17223,1,0,0,0,0,0,0,0,0,0,0,0,0,0,0,0,0,0
17234,0,1,0,0,0,0,0,0,0,0,0,0,0,1,0,0,0,0
17247,1,0,0,0,0,0,0,0,0,0,0,0,0,0,0,0,0,0
17253,1,0,0,0,0,0,0,0,0,0,0,0,0,0,0,0,0,0
17267,1,0,0,0,0,0,0,0,0,0,0,0,0,0,0,0,0,0
17275,1,0,0,0,0,0,0,0,0,0,0,0,0,0,0,0,0,0
17285,1,0,0,0,0,0,0,0,0,0,0,0,0,0,0,0,0,0
17323,1,0,0,0,0,0,0,0,0,0,0,0,0,0,0,0,0,0
17395,1,0,0,0,0,0,0,0,0,0,0,0,0,0,0,0,0,0
17397,0,0,0,0,0,0,0,0,0,0,0,1,0,0,0,0,0,0
17400,1,0,0,0,0,0,0,0,0,0,0,0,0,0,0,0,0,0
17411,0,0,0,0,0,0,0,0,0,1,0,1,0,1,0,0,0,0
17424,1,0,0,0,0,0,0,0,0,0,0,0,0,0,0,0,0,0
17463,1,0,0,0,0,0,0,0,0,0,0,0,0,0,0,0,0,0
17464,1,0,0,0,0,0,0,0,0,0,0,0,0,0,0,0,0,0
17494,0,0,0,0,0,0,0,0,0,0,0,0,1,0,0,0,0,0
17506,1,0,0,0,0,0,0,0,0,0,0,0,0,0,0,0,0,0
17538,1,0,0,0,0,0,0,0,0,0,0,0,0,0,0,0,0,0
17563,1,0,0,0,0,0,0,0,0,0,0,0,0,0,0,0,0,0
17576,1,0,0,0,0,0,0,0,0,0,0,0,0,0,0,0,0,0
17608,1,0,0,0,0,0,0,0,0,0,0,0,0,0,0,0,0,0
17631,1,0,0,0,0,0,0,0,0,0,0,0,0,0,0,0,0,0
17636,0,0,0,0,0,1,0,0,0,0,0,0,0,0,0,0,0,0
17645,1,0,0,0,0,0,0,0,0,0,0,0,0,0,0,0,0,0
17653,0,0,0,0,0,0,0,0,0,1,0,0,0,1,0,0,0,0
17659,1,0,0,0,0,0,0,0,0,0,0,0,0,0,0,0,0,0
17671,0,1,0,0,0,0,0,0,0,0,0,0,0,0,0,0,0,0
17685,1,0,0,0,0,0,0,0,0,0,0,0,0,0,0,0,0,0
17690,0,0,0,0,0,0,0,0,0,0,0,1,1,0,0,0,0,0
17694,1,0,0,0,0,0,0,0,0,0,0,0,0,0,0,0,0,0
17724,1,0,0,0,0,0,0,0,0,0,0,0,0,0,0,0,0,0
17780,0,0,0,0,0,0,0,0,0,0,0,1,0,0,0,0,0,0
17785,0,0,0,0,0,0,0,0,0,0,0,0,0,0,1,0,0,0
17793,0,0,0,0,0,0,0,0,0,0,0,0,0,1,0,0,0,0
17824,1,0,0,0,0,0,0,0,0,0,0,0,0,0,0,0,0,0
17831,1,0,0,0,0,0,0,0,0,0,0,0,0,0,0,0,0,0
17840,1,0,0,0,0,0,0,0,0,0,0,0,0,0,0,0,0,0
17853,0,1,0,0,0,0,0,0,0,0,0,0,0,0,0,0,0,0
17887,0,0,0,0,0,0,0,0,0,0,0,0,0,1,0,0,0,0
17895,1,0,0,0,0,0,0,0,0,0,0,0,0,0,0,0,0,0
17913,1,0,0,0,0,0,0,0,0,0,0,0,0,0,0,0,0,0
17922,0,1,0,0,0,0,0,0,0,0,0,0,0,0,0,0,0,0
17938,1,0,0,0,0,0,0,0,0,0,0,0,0,0,0,0,0,0
17949,1,0,0,0,0,0,0,0,0,0,0,0,0,0,0,0,0,0
17950,1,0,0,0,0,0,0,0,0,0,0,0,0,0,0,0,0,0
17968,0,0,0,0,0,0,0,0,1,0,0,0,0,0,0,0,0,0
17990,1,0,0,0,0,0,0,0,0,0,0,0,0,0,0,0,0,0
17992,1,0,0,0,0,0,0,0,0,0,0,0,0,0,0,0,0,0
18021,0,0,0,0,0,0,0,0,0,0,0,0,0,0,1,0,0,0
18025,1,0,0,0,0,0,0,0,0,0,0,0,0,0,0,0,0,0
18026,1,0,0,0,0,0,0,0,0,0,0,0,0,0,0,0,0,0
18028,1,0,0,0,0,0,0,0,0,0,0,0,0,0,0,0,0,0
18065,1,0,0,0,0,0,0,0,0,0,0,0,0,0,0,0,0,0
18092,1,0,0,0,0,0,0,0,0,0,0,0,0,0,0,0,0,0
18131,1,0,0,0,0,0,0,0,0,0,0,0,0,0,0,0,0,0
18132,0,0,0,0,1,0,0,0,0,0,0,0,0,0,0,0,0,0
18150,1,0,0,0,0,0,0,0,0,0,0,0,0,0,0,0,0,0
18158,0,0,0,0,0,0,0,0,0,0,0,0,0,1,0,0,0,0
18176,1,0,0,0,0,0,0,0,0,0,0,0,0,0,0,0,0,0
18179,1,0,0,0,0,0,0,0,0,0,0,0,0,0,0,0,0,0
18199,0,0,0,0,0,0,0,0,0,0,0,1,0,0,0,0,0,0
18206,1,0,0,0,0,0,0,0,0,0,0,0,0,0,0,0,0,0
18220,0,0,0,0,0,0,0,0,0,0,1,0,0,0,0,0,0,0
18254,1,0,0,0,0,0,0,0,0,0,0,0,0,0,0,0,0,0
18264,1,0,0,0,0,0,0,0,0,0,0,0,0,0,0,0,0,0
18265,1,0,0,0,0,0,0,0,0,0,0,0,0,0,0,0,0,0
18269,1,0,0,0,0,0,0,0,0,0,0,0,0,0,0,0,0,0
18277,1,0,0,0,0,0,0,0,0,0,0,0,0,0,0,0,0,0
18280,1,0,0,0,0,0,0,0,0,0,0,0,0,0,0,0,0,0
18300,1,0,0,0,0,0,0,0,0,0,0,0,0,0,0,0,0,0
18301,1,0,0,0,0,0,0,0,0,0,0,0,0,0,0,0,0,0
18319,1,0,0,0,0,0,0,0,0,0,0,0,0,0,0,0,0,0
18325,0,0,0,0,0,0,0,0,0,0,0,0,0,1,0,0,0,0
18340,1,0,0,0,0,0,0,0,0,0,0,0,0,0,0,0,0,0
18347,1,0,0,0,0,0,0,0,0,0,0,0,0,0,0,0,0,0
18364,1,0,0,0,0,0,0,0,0,0,0,0,0,0,0,0,0,0
18368,0,1,0,0,0,0,0,0,0,0,0,0,1,0,0,0,0,0
18374,1,0,0,0,0,0,0,0,0,0,0,0,0,0,0,0,0,0
18391,0,1,0,0,0,0,0,0,0,0,0,0,0,0,0,0,0,0
18415,0,1,0,0,0,0,0,0,0,0,0,0,0,0,0,0,0,0
18441,0,0,0,0,0,0,0,0,0,0,0,0,0,0,1,0,0,0
18449,1,0,0,0,0,0,0,0,0,0,0,0,0,0,0,0,0,0
18493,1,0,0,0,0,0,0,0,0,0,0,0,0,0,0,0,0,0
18497,0,0,0,0,0,0,0,0,0,0,0,0,0,0,1,1,0,0
18504,1,0,0,0,0,0,0,0,0,0,0,0,0,0,0,0,0,0
18517,1,0,0,0,0,0,0,0,0,0,0,0,0,0,0,0,0,0
18525,1,0,0,0,0,0,0,0,0,0,0,0,0,0,0,0,0,0
18538,1,0,0,0,0,0,0,0,0,0,0,0,0,0,0,0,0,0
18552,0,0,0,0,0,0,0,0,0,0,0,0,0,0,1,0,0,0
18573,1,0,0,0,0,0,0,0,0,0,0,0,0,0,0,0,0,0
18600,1,0,0,0,0,0,0,0,0,0,0,0,0,0,0,0,0,0
18604,1,0,0,0,0,0,0,0,0,0,0,0,0,0,0,0,0,0
18609,0,0,0,0,0,0,1,0,0,0,0,0,0,0,0,0,0,0
18630,1,0,0,0,0,0,0,0,0,0,0,0,0,0,0,0,0,0
18651,1,0,0,0,0,0,0,0,0,0,0,0,0,0,0,0,0,0
18655,1,0,0,0,0,0,0,0,0,0,0,0,0,0,0,0,0,0
18656,1,0,0,0,0,0,0,0,0,0,0,0,0,0,0,0,0,0
18685,1,0,0,0,0,0,0,0,0,0,0,0,0,0,0,0,0,0
18713,1,0,0,0,0,0,0,0,0,0,0,0,0,0,0,0,0,0
18771,0,0,0,0,0,1,0,0,0,0,0,0,0,0,0,0,0,0
18800,1,0,0,0,0,0,0,0,0,0,0,0,0,0,0,0,0,0
18816,1,0,0,0,0,0,0,0,0,0,0,0,0,0,0,0,0,0
18857,1,0,0,0,0,0,0,0,0,0,0,0,0,0,0,0,0,0
18872,1,0,0,0,0,0,0,0,0,0,0,0,0,0,0,0,0,0
18876,0,0,0,0,0,0,0,0,1,0,0,0,0,0,0,0,0,0
18896,1,0,0,0,0,0,0,0,0,0,0,0,0,0,0,0,0,0
18911,1,0,0,0,0,0,0,0,0,0,0,0,0,0,0,0,0,0
18926,0,1,0,0,0,0,0,0,0,0,0,0,0,0,0,0,0,0
18948,0,0,0,0,0,0,0,0,0,0,1,0,0,1,1,0,0,0
18989,1,0,0,0,0,0,0,0,0,0,0,0,0,0,0,0,0,0
18997,1,0,0,0,0,0,0,0,0,0,0,0,0,0,0,0,0,0
19018,1,0,0,0,0,0,0,0,0,0,0,0,0,0,0,0,0,0
19020,1,0,0,0,0,0,0,0,0,0,0,0,0,0,0,0,0,0
19026,1,0,0,0,0,0,0,0,0,0,0,0,0,0,0,0,0,0
19061,1,0,0,0,0,0,0,0,0,0,0,0,0,0,0,0,0,0
19062,1,0,0,0,0,0,0,0,0,0,0,0,0,0,0,0,0,0
19073,0,0,0,0,0,0,0,0,0,0,0,0,0,0,1,0,0,0
19083,0,1,0,0,0,0,0,0,0,0,0,0,0,0,0,0,0,0
19115,0,1,1,0,0,0,0,0,0,0,0,0,0,1,0,0,0,0
19168,1,0,0,0,0,0,0,0,0,0,0,0,0,0,0,0,0,0
19180,0,0,0,0,0,0,0,0,0,0,1,0,0,0,1,0,0,0
19203,1,0,0,0,0,0,0,0,0,0,0,0,0,0,0,0,0,0
19275,0,0,0,0,0,0,0,0,0,0,0,0,0,0,1,0,0,0
19285,0,0,0,0,0,0,0,0,0,0,0,0,0,0,1,0,0,0
19316,1,0,0,0,0,0,0,0,0,0,0,0,0,0,0,0,0,0
19318,0,0,0,0,0,0,0,0,0,0,0,0,0,0,1,0,0,0
19331,1,0,0,0,0,0,0,0,0,0,0,0,0,0,0,0,0,0
19335,0,0,0,0,0,0,0,0,0,0,0,0,1,1,0,0,0,0
19336,1,0,0,0,0,0,0,0,0,0,0,0,0,0,0,0,0,0
19354,0,0,0,0,0,0,0,0,0,0,0,0,0,1,0,0,0,0
19396,0,0,0,0,0,0,0,0,0,0,1,0,1,0,0,0,0,0
19412,0,0,0,0,0,1,0,0,0,0,0,0,0,0,0,0,0,0
19438,0,0,0,0,0,0,0,0,0,0,1,0,1,0,0,0,0,0
19448,1,0,0,0,0,0,0,0,0,0,0,0,0,0,0,0,0,0
19450,1,0,0,0,0,0,0,0,0,0,0,0,0,0,0,0,0,0
19455,1,0,0,0,0,0,0,0,0,0,0,0,0,0,0,0,0,0
19460,1,0,0,0,0,0,0,0,0,0,0,0,0,0,0,0,0,0
19475,0,0,0,0,1,0,0,0,0,0,1,0,0,0,0,0,0,0
19499,0,0,0,0,0,0,0,0,0,1,0,0,0,1,0,0,0,0
19500,1,0,0,0,0,0,0,0,0,0,0,0,0,0,0,0,0,0
19503,1,0,0,0,0,0,0,0,0,0,0,0,0,0,0,0,0,0
19557,1,0,0,0,0,0,0,0,0,0,0,0,0,0,0,0,0,0
19579,1,0,0,0,0,0,0,0,0,0,0,0,0,0,0,0,0,0
19597,0,0,0,0,0,0,0,0,0,1,1,0,0,0,0,0,0,0
19662,1,0,0,0,0,0,0,0,0,0,0,0,0,0,0,0,0,0
19694,0,0,0,0,0,0,0,0,0,0,0,0,0,1,0,0,0,0
19713,1,0,0,0,0,0,0,0,0,0,0,0,0,0,0,0,0,0
19718,1,0,0,0,0,0,0,0,0,0,0,0,0,0,0,0,0,0
19728,1,0,0,0,0,0,0,0,0,0,0,0,0,0,0,0,0,0
19748,1,0,0,0,0,0,0,0,0,0,0,0,0,0,0,0,0,0
19752,1,0,0,0,0,0,0,0,0,0,0,0,0,0,0,0,0,0
19771,1,0,0,0,0,0,0,0,0,0,0,0,0,0,0,0,0,0
19777,0,0,0,0,0,0,0,0,0,0,0,0,0,0,1,0,0,0
19780,1,0,0,0,0,0,0,0,0,0,0,0,0,0,0,0,0,0
19790,1,0,0,0,0,0,0,0,0,0,0,0,0,0,0,0,0,0
19812,1,0,0,0,0,0,0,0,0,0,0,0,0,0,0,0,0,0
19827,1,0,0,0,0,0,0,0,0,0,0,0,0,0,0,0,0,0
19932,1,0,0,0,0,0,0,0,0,0,0,0,0,0,0,0,0,0
19934,0,0,0,0,0,0,0,0,0,0,0,0,0,0,1,0,0,0
19937,1,0,0,0,0,0,0,0,0,0,0,0,0,0,0,0,0,0
19949,1,0,0,0,0,0,0,0,0,0,0,0,0,0,0,0,0,0
19970,1,0,0,0,0,0,0,0,0,0,0,0,0,0,0,0,0,0
19981,0,0,0,0,0,0,0,0,0,0,0,0,0,1,0,0,0,0
20031,1,0,0,0,0,0,0,0,0,0,0,0,0,0,0,0,0,0
20042,1,0,0,0,0,0,0,0,0,0,0,0,0,0,0,0,0,0
20048,1,0,0,0,0,0,0,0,0,0,0,0,0,0,0,0,0,0
20056,0,0,0,0,0,0,0,0,0,0,0,0,0,0,1,0,0,0
20102,1,0,0,0,0,0,0,0,0,0,0,0,0,0,0,0,0,0
20104,1,0,0,0,0,0,0,0,0,0,0,0,0,0,0,0,0,0
20167,1,0,0,0,0,0,0,0,0,0,0,0,0,0,0,0,0,0
20178,0,0,0,0,0,0,0,0,0,0,0,0,0,0,0,0,0,1
20202,0,1,0,0,0,0,0,0,0,0,0,0,1,0,0,0,0,0
20209,0,0,0,0,0,1,0,0,0,0,0,0,0,0,0,0,0,0
20220,1,0,0,0,0,0,0,0,0,0,0,0,0,0,0,0,0,0
20229,0,0,0,0,0,0,0,0,0,0,0,0,0,0,1,0,0,0
20235,0,0,0,0,1,0,0,0,0,0,0,0,0,0,0,0,0,0
20238,1,0,0,0,0,0,0,0,0,0,0,0,0,0,0,0,0,0
20256,1,0,0,0,0,0,0,0,0,0,0,0,0,0,0,0,0,0
20288,0,0,0,0,0,0,0,0,0,0,0,0,0,0,1,0,1,0
20300,1,0,0,0,0,0,0,0,0,0,0,0,0,0,0,0,0,0
20305,0,0,0,0,0,0,0,0,0,0,0,0,0,0,1,0,0,0
20362,1,0,0,0,0,0,0,0,0,0,0,0,0,0,0,0,0,0
20366,1,0,0,0,0,0,0,0,0,0,0,0,0,0,0,0,0,0
20367,1,0,0,0,0,0,0,0,0,0,0,0,0,0,0,0,0,0
20380,0,0,0,0,0,0,0,0,0,0,0,0,0,0,1,0,0,0
20391,0,0,0,0,0,0,0,0,0,0,1,0,0,0,0,0,0,0
20392,1,0,0,0,0,0,0,0,0,0,0,0,0,0,0,0,0,0
20407,1,0,0,0,0,0,0,0,0,0,0,0,0,0,0,0,0,0
20410,1,0,0,0,0,0,0,0,0,0,0,0,0,0,0,0,0,0
20412,0,0,0,0,0,0,0,0,0,0,0,0,0,0,1,1,0,0
20413,1,0,0,0,0,0,0,0,0,0,0,0,0,0,0,0,0,0
20428,1,0,0,0,0,0,0,0,0,0,0,0,0,0,0,0,0,0
20432,0,0,0,0,0,0,1,0,0,0,0,0,0,0,0,0,0,0
20453,0,0,0,0,0,0,0,0,0,0,0,0,0,0,1,0,0,0
20456,1,0,0,0,0,0,0,0,0,0,0,0,0,0,0,0,0,0
20549,1,0,0,0,0,0,0,0,0,0,0,0,0,0,0,0,0,0
20554,0,0,0,0,0,0,0,0,0,1,0,0,0,0,0,0,0,0
20571,0,1,0,0,0,0,0,0,0,0,0,0,0,0,0,0,0,0
20607,1,0,0,0,0,0,0,0,0,0,0,0,0,0,0,0,0,0
20614,1,0,0,0,0,0,0,0,0,0,0,0,0,0,0,0,0,0
20633,0,0,0,0,0,0,0,0,0,0,0,0,0,1,0,0,0,0
20645,1,0,0,0,0,0,0,0,0,0,0,0,0,0,0,0,0,0
20683,0,0,0,0,0,0,0,0,0,0,0,0,0,0,1,1,0,0
20684,1,0,0,0,0,0,0,0,0,0,0,0,0,0,0,0,0,0
20698,0,0,0,0,0,0,0,0,0,0,1,0,0,0,0,0,0,0
20710,0,0,0,0,0,0,0,0,0,0,1,0,0,0,0,0,0,0
20734,0,0,0,0,0,0,0,0,0,0,0,0,0,0,1,0,0,0
20746,1,0,0,0,0,0,0,0,0,0,0,0,0,0,0,0,0,0
20747,1,0,0,0,0,0,0,0,0,0,0,0,0,0,0,0,0,0
20751,0,0,0,0,0,0,0,0,0,0,0,0,0,1,0,0,0,0
20760,1,0,0,0,0,0,0,0,0,0,0,0,0,0,0,0,0,0
20777,1,0,0,0,0,0,0,0,0,0,0,0,0,0,0,0,0,0
20782,1,0,0,0,0,0,0,0,0,0,0,0,0,0,0,0,0,0
20797,1,0,0,0,0,0,0,0,0,0,0,0,0,0,0,0,0,0
20804,1,0,0,0,0,0,0,0,0,0,0,0,0,0,0,0,0,0
20836,1,0,0,0,0,0,0,0,0,0,0,0,0,0,0,0,0,0
20869,1,0,0,0,0,0,0,0,0,0,0,0,0,0,0,0,0,0
20872,0,0,0,0,1,0,0,0,0,0,0,0,0,0,0,0,0,0
20876,1,0,0,0,0,0,0,0,0,0,0,0,0,0,0,0,0,0
20878,1,0,0,0,0,0,0,0,0,0,0,0,0,0,0,0,0,0
20883,0,1,0,0,0,0,0,0,0,0,1,0,1,0,0,0,0,0
20913,1,0,0,0,0,0,0,0,0,0,0,0,0,0,0,0,0,0
20915,0,1,0,0,0,0,0,0,0,0,0,0,0,0,0,0,0,0
20967,0,0,0,0,0,0,0,0,0,0,1,0,0,0,0,0,0,0
20973,1,0,0,0,0,0,0,0,0,0,0,0,0,0,0,0,0,0
20986,1,0,0,0,0,0,0,0,0,0,0,0,0,0,0,0,0,0
21000,0,1,0,0,0,0,0,0,0,0,0,0,0,1,0,0,0,0
21003,1,0,0,0,0,0,0,0,0,0,0,0,0,0,0,0,0,0
21057,1,0,0,0,0,0,0,0,0,0,0,0,0,0,0,0,0,0
21077,1,0,0,0,0,0,0,0,0,0,0,0,0,0,0,0,0,0
21087,0,0,0,0,0,0,0,0,0,0,0,0,1,0,0,0,0,0
21124,1,0,0,0,0,0,0,0,0,0,0,0,0,0,0,0,0,0
21142,1,0,0,0,0,0,0,0,0,0,0,0,0,0,0,0,0,0
21183,1,0,0,0,0,0,0,0,0,0,0,0,0,0,0,0,0,0
21193,1,0,0,0,0,0,0,0,0,0,0,0,0,0,0,0,0,0
21227,1,0,0,0,0,0,0,0,0,0,0,0,0,0,0,0,0,0
21232,0,0,0,0,0,0,0,0,0,0,0,0,0,0,1,0,0,0
21285,0,0,0,0,0,0,0,0,0,0,0,0,0,0,1,0,0,0
21330,1,0,0,0,0,0,0,0,0,0,0,0,0,0,0,0,0,0
21361,1,0,0,0,0,0,0,0,0,0,0,0,0,0,0,0,0,0
21388,0,0,0,0,0,0,0,0,0,1,0,0,0,0,0,0,0,0
21407,0,0,0,0,0,0,0,0,0,0,0,0,0,0,1,0,0,0
21408,0,0,0,0,0,0,0,0,0,1,0,0,0,1,0,0,0,0
21414,1,0,0,0,0,0,0,0,0,0,0,0,0,0,0,0,0,0
21475,0,0,0,0,0,0,0,0,0,0,1,0,0,0,0,0,0,0
21486,0,0,0,0,0,0,0,0,0,0,0,0,0,1,0,0,0,0
21489,0,0,0,0,0,0,0,0,0,0,0,0,0,1,0,0,0,0
21506,0,0,0,0,0,0,0,0,0,0,0,0,0,0,1,0,0,0
21532,0,0,0,0,0,0,0,0,0,0,0,0,0,0,1,0,0,0
21560,1,0,0,0,0,0,0,0,0,0,0,0,0,0,0,0,0,0
21562,0,0,0,0,0,0,0,0,0,0,0,0,0,1,1,1,0,0
21583,1,0,0,0,0,0,0,0,0,0,0,0,0,0,0,0,0,0
21590,1,0,0,0,0,0,0,0,0,0,0,0,0,0,0,0,0,0
21593,0,0,0,0,0,0,0,0,0,0,1,0,0,0,0,0,0,0
21595,0,0,0,0,0,0,0,0,0,0,0,0,0,0,1,0,0,0
21610,1,0,0,0,0,0,0,0,0,0,0,0,0,0,0,0,0,0
21624,1,0,0,0,0,0,0,0,0,0,0,0,0,0,0,0,0,0
21628,0,0,0,0,0,0,0,0,0,0,0,0,0,0,1,1,0,0
21630,1,0,0,0,0,0,0,0,0,0,0,0,0,0,0,0,0,0
21631,1,0,0,0,0,0,0,0,0,0,0,0,0,0,0,0,0,0
21635,1,0,0,0,0,0,0,0,0,0,0,0,0,0,0,0,0,0
21652,1,0,0,0,0,0,0,0,0,0,0,0,0,0,0,0,0,0
21672,1,0,0,0,0,0,0,0,0,0,0,0,0,0,0,0,0,0
21688,1,0,0,0,0,0,0,0,0,0,0,0,0,0,0,0,0,0
21712,0,0,0,0,0,0,0,0,0,0,0,0,1,1,0,0,0,0
21720,1,0,0,0,0,0,0,0,0,0,0,0,0,0,0,0,0,0
21727,0,0,0,0,0,1,0,0,0,0,0,0,0,0,0,0,0,0
21729,1,0,0,0,0,0,0,0,0,0,0,0,0,0,0,0,0,0
21778,1,0,0,0,0,0,0,0,0,0,0,0,0,0,0,0,0,0
21781,1,0,0,0,0,0,0,0,0,0,0,0,0,0,0,0,0,0
21792,1,0,0,0,0,0,0,0,0,0,0,0,0,0,0,0,0,0
21795,0,0,0,0,1,0,0,0,0,0,0,0,0,0,1,0,0,0
21809,0,0,0,0,0,0,0,0,0,0,0,0,0,0,1,0,0,0
21819,1,0,0,0,0,0,0,0,0,0,0,0,0,0,0,0,0,0
21863,1,0,0,0,0,0,0,0,0,0,0,0,0,0,0,0,0,0
21872,1,0,0,0,0,0,0,0,0,0,0,0,0,0,0,0,0,0
21873,1,0,0,0,0,0,0,0,0,0,0,0,0,0,0,0,0,0
21918,1,0,0,0,0,0,0,0,0,0,0,0,0,0,0,0,0,0
21937,1,0,0,0,0,0,0,0,0,0,0,0,0,0,0,0,0,0
21950,1,0,0,0,0,0,0,0,0,0,0,0,0,0,0,0,0,0
21971,1,0,0,0,0,0,0,0,0,0,0,0,0,0,0,0,0,0
21974,1,0,0,0,0,0,0,0,0,0,0,0,0,0,0,0,0,0
21977,1,0,0,0,0,0,0,0,0,0,0,0,0,0,0,0,0,0
22014,0,0,0,0,0,0,0,0,0,0,0,0,0,0,1,1,0,0
22043,1,0,0,0,0,0,0,0,0,0,0,0,0,0,0,0,0,0
22082,0,0,0,0,0,0,0,0,0,0,0,0,0,1,0,0,0,0
22101,1,0,0,0,0,0,0,0,0,0,0,0,0,0,0,0,0,0
22112,1,0,0,0,0,0,0,0,0,0,0,0,0,0,0,0,0,0
22131,1,0,0,0,0,0,0,0,0,0,0,0,0,0,0,0,0,0
22152,1,0,0,0,0,0,0,0,0,0,0,0,0,0,0,0,0,0
22230,0,0,0,0,0,0,0,0,0,1,0,0,0,1,0,0,0,0
22268,1,0,0,0,0,0,0,0,0,0,0,0,0,0,0,0,0,0
22317,1,0,0,0,0,0,0,0,0,0,0,0,0,0,0,0,0,0
22322,1,0,0,0,0,0,0,0,0,0,0,0,0,0,0,0,0,0
22328,1,0,0,0,0,0,0,0,0,0,0,0,0,0,0,0,0,0
22337,0,0,0,0,0,1,0,0,0,0,0,0,0,0,0,0,0,0
22350,1,0,0,0,0,0,0,0,0,0,0,0,0,0,0,0,0,0
22358,1,0,0,0,0,0,0,0,0,0,0,0,0,0,0,0,0,0
22386,1,0,0,0,0,0,0,0,0,0,0,0,0,0,0,0,0,0
22407,0,0,0,0,0,1,0,0,0,0,1,0,0,0,0,0,0,0
22422,0,0,0,0,0,0,0,0,0,0,0,0,0,0,1,0,0,0
22471,1,0,0,0,0,0,0,0,0,0,0,0,0,0,0,0,0,0
22477,0,0,0,0,0,1,0,0,0,0,0,0,0,0,0,0,0,0
22511,1,0,0,0,0,0,0,0,0,0,0,0,0,0,0,0,0,0
22527,1,0,0,0,0,0,0,0,0,0,0,0,0,0,0,0,0,0
22538,1,0,0,0,0,0,0,0,0,0,0,0,0,0,0,0,0,0
22558,1,0,0,0,0,0,0,0,0,0,0,0,0,0,0,0,0,0
22597,1,0,0,0,0,0,0,0,0,0,0,0,0,0,0,0,0,0
22616,0,0,0,0,0,0,0,1,0,0,0,0,0,0,0,0,0,0
22634,0,0,0,0,0,0,0,0,0,0,0,0,0,1,0,0,0,0
22643,1,0,0,0,0,0,0,0,0,0,0,0,0,0,0,0,0,0
22650,0,0,0,0,0,0,0,0,0,0,0,0,0,1,0,0,0,0
22734,1,0,0,0,0,0,0,0,0,0,0,0,0,0,0,0,0,0
22773,1,0,0,0,0,0,0,0,0,0,0,0,0,0,0,0,0,0
22787,1,0,0,0,0,0,0,0,0,0,0,0,0,0,0,0,0,0
22804,0,0,0,0,0,0,0,0,0,0,0,1,0,0,0,0,0,0
22819,1,0,0,0,0,0,0,0,0,0,0,0,0,0,0,0,0,0
22838,1,0,0,0,0,0,0,0,0,0,0,0,0,0,0,0,0,0
22854,1,0,0,0,0,0,0,0,0,0,0,0,0,0,0,0,0,0
22925,0,0,0,0,0,1,0,0,0,0,0,0,0,0,0,0,0,0
22930,1,0,0,0,0,0,0,0,0,0,0,0,0,0,0,0,0,0
22931,1,0,0,0,0,0,0,0,0,0,0,0,0,0,0,0,0,0
23006,1,0,0,0,0,0,0,0,0,0,0,0,0,0,0,0,0,0
23011,1,0,0,0,0,0,0,0,0,0,0,0,0,0,0,0,0,0
23022,1,0,0,0,0,0,0,0,0,0,0,0,0,0,0,0,0,0
23071,0,0,0,0,0,0,0,0,1,0,0,0,0,0,0,0,0,0
23084,1,0,0,0,0,0,0,0,0,0,0,0,0,0,0,0,0,0
23090,1,0,0,0,0,0,0,0,0,0,0,0,0,0,0,0,0,0
23129,1,0,0,0,0,0,0,0,0,0,0,0,0,0,0,0,0,0
23134,1,0,0,0,0,0,0,0,0,0,0,0,0,0,0,0,0,0
23147,1,0,0,0,0,0,0,0,0,0,0,0,0,0,0,0,0,0
23186,0,0,0,0,0,0,0,0,0,0,0,0,0,1,0,0,0,0
23234,0,0,0,0,0,0,0,0,0,0,0,0,0,1,0,0,0,0
23244,0,0,0,0,0,0,0,0,0,0,0,0,0,0,1,0,0,0
23260,0,1,0,0,0,0,0,0,0,0,0,0,0,0,0,0,0,0
23267,1,0,0,0,0,0,0,0,0,0,0,0,0,0,0,0,0,0
23287,0,0,0,0,0,0,0,0,0,0,0,0,0,0,1,0,0,0
23293,1,0,0,0,0,0,0,0,0,0,0,0,0,0,0,0,0,0
23303,0,0,0,0,0,0,0,0,0,0,0,0,1,0,0,0,0,0
23306,1,0,0,0,0,0,0,0,0,0,0,0,0,0,0,0,0,0
23311,0,0,0,0,0,0,0,0,0,0,0,0,0,1,0,0,0,0
23334,0,0,0,0,0,0,0,0,0,0,1,0,0,1,0,0,0,0
23362,1,0,0,0,0,0,0,0,0,0,0,0,0,0,0,0,0,0
23370,1,0,0,0,0,0,0,0,0,0,0,0,0,0,0,0,0,0
23371,0,0,0,0,0,0,0,0,0,0,0,0,0,0,1,0,0,0
23394,0,0,0,0,0,0,0,0,0,0,0,0,0,0,1,0,0,0
23421,1,0,0,0,0,0,0,0,0,0,0,0,0,0,0,0,0,0
23427,1,0,0,0,0,0,0,0,0,0,0,0,0,0,0,0,0,0
23434,1,0,0,0,0,0,0,0,0,0,0,0,0,0,0,0,0,0
23481,0,0,0,0,0,0,0,0,0,0,1,0,0,1,0,0,0,0
23492,1,0,0,0,0,0,0,0,0,0,0,0,0,0,0,0,0,0
23502,0,0,0,0,0,0,0,0,1,0,0,0,0,0,0,0,0,0
23515,1,0,0,0,0,0,0,0,0,0,0,0,0,0,0,0,0,0
23549,0,0,0,0,0,0,0,0,0,0,0,0,0,1,0,0,0,0
23605,0,0,0,0,0,0,0,0,0,0,0,0,0,0,1,0,0,0
23631,1,0,0,0,0,0,0,0,0,0,0,0,0,0,0,0,0,0
23658,1,0,0,0,0,0,0,0,0,0,0,0,0,0,0,0,0,0
23688,0,0,0,0,0,0,0,0,1,0,0,0,0,0,0,0,0,0
23706,1,0,0,0,0,0,0,0,0,0,0,0,0,0,0,0,0,0
23707,0,1,1,0,0,0,0,0,0,0,0,0,0,1,0,0,0,0
23739,0,0,0,0,0,0,0,0,0,0,0,0,0,0,1,0,0,0
23765,1,0,0,0,0,0,0,0,0,0,0,0,0,0,0,0,0,0
